PanStructure	folds_from_PanProteinCluster	member_of_PanStructureCluster
PAN5842_struct	PANCL5842	PANCL1579_struct
PAN5164_struct	PANCL5164	PANCL10729_struct
PAN6702_struct	PANCL6702	PANCL6702_struct
PAN5979_struct	PANCL5979	PANCL11430_struct
PAN7506_struct	PANCL7506	PANCL11430_struct
PAN5270_struct	PANCL5270	PANCL11430_struct
PAN5026_struct	PANCL5026	PANCL11430_struct
PAN5783_struct	PANCL5783	PANCL11430_struct
PAN5759_struct	PANCL5759	PANCL11430_struct
PAN6330_struct	PANCL6330	PANCL11430_struct
PAN11887_struct	PANCL11887	PANCL11430_struct
PAN9144_struct	PANCL9144	PANCL11430_struct
PAN6961_struct	PANCL6961	PANCL11430_struct
PAN5925_struct	PANCL5925	PANCL11430_struct
PAN8607_struct	PANCL8607	PANCL11430_struct
PAN5255_struct	PANCL5255	PANCL11430_struct
PAN6339_struct	PANCL6339	PANCL11430_struct
PAN13044_struct	PANCL13044	PANCL11430_struct
PAN13047_struct	PANCL13047	PANCL11430_struct
PAN11430_struct	PANCL11430	PANCL11430_struct
PAN12208_struct	PANCL12208	PANCL11430_struct
PAN4322_struct	PANCL4322	PANCL11430_struct
PAN12454_struct	PANCL12454	PANCL11430_struct
PAN6736_struct	PANCL6736	PANCL11430_struct
PAN6647_struct	PANCL6647	PANCL11430_struct
PAN8317_struct	PANCL8317	PANCL11430_struct
PAN6351_struct	PANCL6351	PANCL11430_struct
PAN6355_struct	PANCL6355	PANCL11430_struct
PAN12247_struct	PANCL12247	PANCL11430_struct
PAN8601_struct	PANCL8601	PANCL8601_struct
PAN6856_struct	PANCL6856	PANCL6856_struct
PAN7132_struct	PANCL7132	PANCL2383_struct
PAN2383_struct	PANCL2383	PANCL2383_struct
PAN5181_struct	PANCL5181	PANCL5181_struct
PAN7495_struct	PANCL7495	PANCL7495_struct
PAN6982_struct	PANCL6982	PANCL12478_struct
PAN8482_struct	PANCL8482	PANCL12254_struct
PAN6185_struct	PANCL6185	PANCL12254_struct
PAN5075_struct	PANCL5075	PANCL12254_struct
PAN6810_struct	PANCL6810	PANCL6810_struct
PAN12317_struct	PANCL12317	PANCL12317_struct
PAN6835_struct	PANCL6835	PANCL6177_struct
PAN7505_struct	PANCL7505	PANCL12254_struct
PAN7214_struct	PANCL7214	PANCL12254_struct
PAN9141_struct	PANCL9141	PANCL12216_struct
PAN7031_struct	PANCL7031	PANCL12254_struct
PAN6669_struct	PANCL6669	PANCL12478_struct
PAN11765_struct	PANCL11765	PANCL11765_struct
PAN13049_struct	PANCL13049	PANCL13049_struct
PAN11824_struct	PANCL11824	PANCL11824_struct
PAN5985_struct	PANCL5985	PANCL12254_struct
PAN6627_struct	PANCL6627	PANCL12478_struct
PAN5611_struct	PANCL5611	PANCL12254_struct
PAN6922_struct	PANCL6922	PANCL12254_struct
PAN10664_struct	PANCL10664	PANCL10664_struct
PAN5037_struct	PANCL5037	PANCL12254_struct
PAN11424_struct	PANCL11424	PANCL11424_struct
PAN6811_struct	PANCL6811	PANCL12254_struct
PAN6177_struct	PANCL6177	PANCL6177_struct
PAN5668_struct	PANCL5668	PANCL5668_struct
PAN6183_struct	PANCL6183	PANCL6183_struct
PAN4379_struct	PANCL4379	PANCL1851_struct
PAN12777_struct	PANCL12777	PANCL10001_struct
PAN7271_struct	PANCL7271	PANCL1851_struct
PAN4437_struct	PANCL4437	PANCL1851_struct
PAN6925_struct	PANCL6925	PANCL6925_struct
PAN6923_struct	PANCL6923	PANCL12478_struct
PAN6164_struct	PANCL6164	PANCL12478_struct
PAN13123_struct	PANCL13123	PANCL13123_struct
PAN6367_struct	PANCL6367	PANCL6367_struct
PAN1724_struct	PANCL1724	PANCL1724_struct
PAN8755_struct	PANCL8755	PANCL11669_struct
PAN10658_struct	PANCL10658	PANCL10658_struct
PAN1787_struct	PANCL1787	PANCL1724_struct
PAN6714_struct	PANCL6714	PANCL1579_struct
PAN487_struct	PANCL487	PANCL11669_struct
PAN5271_struct	PANCL5271	PANCL5271_struct
PAN12216_struct	PANCL12216	PANCL12216_struct
PAN11946_struct	PANCL11946	PANCL11669_struct
PAN2911_struct	PANCL2911	PANCL11669_struct
PAN518_struct	PANCL518	PANCL11669_struct
PAN1382_struct	PANCL1382	PANCL11669_struct
PAN3743_struct	PANCL3743	PANCL3743_struct
PAN6666_struct	PANCL6666	PANCL12478_struct
PAN5067_struct	PANCL5067	PANCL10729_struct
PAN12478_struct	PANCL12478	PANCL12478_struct
PAN5172_struct	PANCL5172	PANCL5172_struct
PAN12704_struct	PANCL12704	PANCL12478_struct
PAN2606_struct	PANCL2606	PANCL2606_struct
PAN8501_struct	PANCL8501	PANCL5172_struct
PAN6256_struct	PANCL6256	PANCL6256_struct
PAN7264_struct	PANCL7264	PANCL12254_struct
PAN5146_struct	PANCL5146	PANCL5146_struct
PAN6873_struct	PANCL6873	PANCL6873_struct
PAN8309_struct	PANCL8309	PANCL1579_struct
PAN12267_struct	PANCL12267	PANCL12267_struct
PAN5879_struct	PANCL5879	PANCL1579_struct
PAN8305_struct	PANCL8305	PANCL8305_struct
PAN7733_struct	PANCL7733	PANCL10074_struct
PAN287_struct	PANCL287	PANCL10362_struct
PAN8300_struct	PANCL8300	PANCL10004_struct
PAN6511_struct	PANCL6511	PANCL1579_struct
PAN7317_struct	PANCL7317	PANCL1579_struct
PAN7635_struct	PANCL7635	PANCL10074_struct
PAN5090_struct	PANCL5090	PANCL5090_struct
PAN2802_struct	PANCL2802	PANCL2802_struct
PAN10074_struct	PANCL10074	PANCL10074_struct
PAN8573_struct	PANCL8573	PANCL1579_struct
PAN5926_struct	PANCL5926	PANCL2802_struct
PAN9145_struct	PANCL9145	PANCL6256_struct
PAN5700_struct	PANCL5700	PANCL5700_struct
PAN6514_struct	PANCL6514	PANCL6514_struct
PAN5165_struct	PANCL5165	PANCL1579_struct
PAN279_struct	PANCL279	PANCL1579_struct
PAN828_struct	PANCL828	PANCL1579_struct
PAN1579_struct	PANCL1579	PANCL1579_struct
PAN5757_struct	PANCL5757	PANCL399_struct
PAN2460_struct	PANCL2460	PANCL1579_struct
PAN56_struct	PANCL56	PANCL56_struct
PAN5508_struct	PANCL5508	PANCL5181_struct
PAN6861_struct	PANCL6861	PANCL12254_struct
PAN7257_struct	PANCL7257	PANCL12254_struct
PAN12168_struct	PANCL12168	PANCL12168_struct
PAN399_struct	PANCL399	PANCL399_struct
PAN6353_struct	PANCL6353	PANCL1579_struct
PAN6623_struct	PANCL6623	PANCL5172_struct
PAN6491_struct	PANCL6491	PANCL6491_struct
PAN6333_struct	PANCL6333	PANCL6333_struct
PAN313_struct	PANCL313	PANCL1568_struct
PAN5848_struct	PANCL5848	PANCL5848_struct
PAN6767_struct	PANCL6767	PANCL6767_struct
PAN8391_struct	PANCL8391	PANCL10674_struct
PAN5192_struct	PANCL5192	PANCL5192_struct
PAN6921_struct	PANCL6921	PANCL399_struct
PAN580_struct	PANCL580	PANCL399_struct
PAN2834_struct	PANCL2834	PANCL2834_struct
PAN5402_struct	PANCL5402	PANCL5402_struct
PAN8410_struct	PANCL8410	PANCL8410_struct
PAN13050_struct	PANCL13050	PANCL13050_struct
PAN6496_struct	PANCL6496	PANCL6496_struct
PAN7120_struct	PANCL7120	PANCL1212_struct
PAN6195_struct	PANCL6195	PANCL6195_struct
PAN11986_struct	PANCL11986	PANCL11568_struct
PAN817_struct	PANCL817	PANCL399_struct
PAN1212_struct	PANCL1212	PANCL1212_struct
PAN5965_struct	PANCL5965	PANCL5965_struct
PAN4082_struct	PANCL4082	PANCL11600_struct
PAN9184_struct	PANCL9184	PANCL9184_struct
PAN6649_struct	PANCL6649	PANCL6649_struct
PAN9408_struct	PANCL9408	PANCL9408_struct
PAN6267_struct	PANCL6267	PANCL6267_struct
PAN12510_struct	PANCL12510	PANCL12510_struct
PAN5003_struct	PANCL5003	PANCL12999_struct
PAN7193_struct	PANCL7193	PANCL7193_struct
PAN7591_struct	PANCL7591	PANCL12999_struct
PAN657_struct	PANCL657	PANCL1568_struct
PAN5195_struct	PANCL5195	PANCL5195_struct
PAN1568_struct	PANCL1568	PANCL1568_struct
PAN4928_struct	PANCL4928	PANCL4928_struct
PAN6363_struct	PANCL6363	PANCL6347_struct
PAN11600_struct	PANCL11600	PANCL11600_struct
PAN13159_struct	PANCL13159	PANCL13159_struct
PAN2624_struct	PANCL2624	PANCL2624_struct
PAN2458_struct	PANCL2458	PANCL2458_struct
PAN5224_struct	PANCL5224	PANCL2624_struct
PAN9425_struct	PANCL9425	PANCL9425_struct
PAN5012_struct	PANCL5012	PANCL12999_struct
PAN7036_struct	PANCL7036	PANCL6195_struct
PAN8613_struct	PANCL8613	PANCL8613_struct
PAN12999_struct	PANCL12999	PANCL12999_struct
PAN7752_struct	PANCL7752	PANCL7752_struct
PAN2260_struct	PANCL2260	PANCL2260_struct
PAN9866_struct	PANCL9866	PANCL12220_struct
PAN6358_struct	PANCL6358	PANCL11600_struct
PAN6619_struct	PANCL6619	PANCL6619_struct
PAN12014_struct	PANCL12014	PANCL12014_struct
PAN13191_struct	PANCL13191	PANCL13191_struct
PAN3751_struct	PANCL3751	PANCL3751_struct
PAN12291_struct	PANCL12291	PANCL12291_struct
PAN7226_struct	PANCL7226	PANCL7226_struct
PAN5260_struct	PANCL5260	PANCL11834_struct
PAN13900_struct	PANCL13900	PANCL13900_struct
PAN5846_struct	PANCL5846	PANCL5289_struct
PAN9864_struct	PANCL9864	PANCL11834_struct
PAN9151_struct	PANCL9151	PANCL4928_struct
PAN4418_struct	PANCL4418	PANCL12291_struct
PAN1865_struct	PANCL1865	PANCL1568_struct
PAN6997_struct	PANCL6997	PANCL11834_struct
PAN23_struct	PANCL23	PANCL1212_struct
PAN1797_struct	PANCL1797	PANCL1797_struct
PAN5142_struct	PANCL5142	PANCL11834_struct
PAN6715_struct	PANCL6715	PANCL6715_struct
PAN11568_struct	PANCL11568	PANCL11568_struct
PAN13012_struct	PANCL13012	PANCL11600_struct
PAN2403_struct	PANCL2403	PANCL1568_struct
PAN5252_struct	PANCL5252	PANCL5252_struct
PAN5624_struct	PANCL5624	PANCL11834_struct
PAN7001_struct	PANCL7001	PANCL7001_struct
PAN3003_struct	PANCL3003	PANCL1212_struct
PAN7590_struct	PANCL7590	PANCL11834_struct
PAN11834_struct	PANCL11834	PANCL11834_struct
PAN11306_struct	PANCL11306	PANCL11306_struct
PAN11495_struct	PANCL11495	PANCL11495_struct
PAN7125_struct	PANCL7125	PANCL11834_struct
PAN5790_struct	PANCL5790	PANCL12220_struct
PAN3323_struct	PANCL3323	PANCL11600_struct
PAN4935_struct	PANCL4935	PANCL12999_struct
PAN1733_struct	PANCL1733	PANCL1733_struct
PAN5230_struct	PANCL5230	PANCL11834_struct
PAN9267_struct	PANCL9267	PANCL12999_struct
PAN12755_struct	PANCL12755	PANCL10001_struct
PAN5806_struct	PANCL5806	PANCL5806_struct
PAN7717_struct	PANCL7717	PANCL7717_struct
PAN11867_struct	PANCL11867	PANCL11867_struct
PAN5289_struct	PANCL5289	PANCL5289_struct
PAN8629_struct	PANCL8629	PANCL8629_struct
PAN1873_struct	PANCL1873	PANCL1873_struct
PAN11575_struct	PANCL11575	PANCL11117_struct
PAN5894_struct	PANCL5894	PANCL11834_struct
PAN13190_struct	PANCL13190	PANCL13190_struct
PAN6472_struct	PANCL6472	PANCL11834_struct
PAN12465_struct	PANCL12465	PANCL12465_struct
PAN4311_struct	PANCL4311	PANCL11295_struct
PAN5587_struct	PANCL5587	PANCL11834_struct
PAN6477_struct	PANCL6477	PANCL11295_struct
PAN6771_struct	PANCL6771	PANCL11834_struct
PAN5871_struct	PANCL5871	PANCL11834_struct
PAN6347_struct	PANCL6347	PANCL6347_struct
PAN9871_struct	PANCL9871	PANCL9871_struct
PAN7174_struct	PANCL7174	PANCL7174_struct
PAN5276_struct	PANCL5276	PANCL11117_struct
PAN6951_struct	PANCL6951	PANCL11867_struct
PAN8_struct	PANCL8	PANCL13715_struct
PAN9146_struct	PANCL9146	PANCL9146_struct
PAN5152_struct	PANCL5152	PANCL5152_struct
PAN9426_struct	PANCL9426	PANCL11117_struct
PAN9487_struct	PANCL9487	PANCL11117_struct
PAN6271_struct	PANCL6271	PANCL11834_struct
PAN5465_struct	PANCL5465	PANCL12999_struct
PAN7352_struct	PANCL7352	PANCL10001_struct
PAN7830_struct	PANCL7830	PANCL7830_struct
PAN11775_struct	PANCL11775	PANCL11117_struct
PAN6633_struct	PANCL6633	PANCL6633_struct
PAN6345_struct	PANCL6345	PANCL6345_struct
PAN13446_struct	PANCL13446	PANCL12220_struct
PAN5951_struct	PANCL5951	PANCL5951_struct
PAN8661_struct	PANCL8661	PANCL8661_struct
PAN10687_struct	PANCL10687	PANCL10687_struct
PAN5401_struct	PANCL5401	PANCL1873_struct
PAN13124_struct	PANCL13124	PANCL11117_struct
PAN12678_struct	PANCL12678	PANCL12220_struct
PAN5251_struct	PANCL5251	PANCL5251_struct
PAN5253_struct	PANCL5253	PANCL11295_struct
PAN2198_struct	PANCL2198	PANCL2198_struct
PAN8083_struct	PANCL8083	PANCL5806_struct
PAN11669_struct	PANCL11669	PANCL11669_struct
PAN7517_struct	PANCL7517	PANCL12220_struct
PAN7108_struct	PANCL7108	PANCL12999_struct
PAN12214_struct	PANCL12214	PANCL11117_struct
PAN9201_struct	PANCL9201	PANCL5251_struct
PAN12276_struct	PANCL12276	PANCL12276_struct
PAN4939_struct	PANCL4939	PANCL4939_struct
PAN8337_struct	PANCL8337	PANCL6652_struct
PAN11117_struct	PANCL11117	PANCL11117_struct
PAN6357_struct	PANCL6357	PANCL6357_struct
PAN10126_struct	PANCL10126	PANCL10000_struct
PAN11616_struct	PANCL11616	PANCL11616_struct
PAN7014_struct	PANCL7014	PANCL7014_struct
PAN9290_struct	PANCL9290	PANCL9290_struct
PAN12220_struct	PANCL12220	PANCL12220_struct
PAN5275_struct	PANCL5275	PANCL5251_struct
PAN6807_struct	PANCL6807	PANCL6807_struct
PAN7364_struct	PANCL7364	PANCL10001_struct
PAN1856_struct	PANCL1856	PANCL1856_struct
PAN5013_struct	PANCL5013	PANCL5013_struct
PAN5325_struct	PANCL5325	PANCL5325_struct
PAN5127_struct	PANCL5127	PANCL5127_struct
PAN6315_struct	PANCL6315	PANCL6315_struct
PAN5403_struct	PANCL5403	PANCL5403_struct
PAN9140_struct	PANCL9140	PANCL9140_struct
PAN5326_struct	PANCL5326	PANCL5326_struct
PAN12776_struct	PANCL12776	PANCL10290_struct
PAN5006_struct	PANCL5006	PANCL5006_struct
PAN5103_struct	PANCL5103	PANCL5103_struct
PAN53_struct	PANCL53	PANCL13975_struct
PAN6753_struct	PANCL6753	PANCL6753_struct
PAN5277_struct	PANCL5277	PANCL1060_struct
PAN6746_struct	PANCL6746	PANCL5232_struct
PAN11290_struct	PANCL11290	PANCL11290_struct
PAN2297_struct	PANCL2297	PANCL2297_struct
PAN3630_struct	PANCL3630	PANCL10000_struct
PAN5321_struct	PANCL5321	PANCL5321_struct
PAN5322_struct	PANCL5322	PANCL5322_struct
PAN12556_struct	PANCL12556	PANCL12220_struct
PAN9995_struct	PANCL9995	PANCL10000_struct
PAN6579_struct	PANCL6579	PANCL6579_struct
PAN10617_struct	PANCL10617	PANCL10617_struct
PAN6622_struct	PANCL6622	PANCL6622_struct
PAN315_struct	PANCL315	PANCL1208_struct
PAN6337_struct	PANCL6337	PANCL6337_struct
PAN13812_struct	PANCL13812	PANCL10362_struct
PAN288_struct	PANCL288	PANCL1366_struct
PAN2815_struct	PANCL2815	PANCL1366_struct
PAN2818_struct	PANCL2818	PANCL2297_struct
PAN6652_struct	PANCL6652	PANCL6652_struct
PAN6661_struct	PANCL6661	PANCL6652_struct
PAN6701_struct	PANCL6701	PANCL2597_struct
PAN5237_struct	PANCL5237	PANCL5237_struct
PAN6002_struct	PANCL6002	PANCL1060_struct
PAN6167_struct	PANCL6167	PANCL3726_struct
PAN7061_struct	PANCL7061	PANCL7061_struct
PAN578_struct	PANCL578	PANCL12293_struct
PAN5232_struct	PANCL5232	PANCL5232_struct
PAN5387_struct	PANCL5387	PANCL5387_struct
PAN8002_struct	PANCL8002	PANCL10362_struct
PAN10227_struct	PANCL10227	PANCL10000_struct
PAN46_struct	PANCL46	PANCL46_struct
PAN6475_struct	PANCL6475	PANCL11429_struct
PAN8103_struct	PANCL8103	PANCL8103_struct
PAN5527_struct	PANCL5527	PANCL5527_struct
PAN8943_struct	PANCL8943	PANCL12293_struct
PAN12406_struct	PANCL12406	PANCL1060_struct
PAN5223_struct	PANCL5223	PANCL5223_struct
PAN6667_struct	PANCL6667	PANCL6667_struct
PAN4681_struct	PANCL4681	PANCL4681_struct
PAN8621_struct	PANCL8621	PANCL8621_struct
PAN9581_struct	PANCL9581	PANCL13975_struct
PAN12268_struct	PANCL12268	PANCL12268_struct
PAN1673_struct	PANCL1673	PANCL13975_struct
PAN5218_struct	PANCL5218	PANCL12293_struct
PAN7130_struct	PANCL7130	PANCL7130_struct
PAN10000_struct	PANCL10000	PANCL10000_struct
PAN445_struct	PANCL445	PANCL1060_struct
PAN6350_struct	PANCL6350	PANCL6350_struct
PAN1366_struct	PANCL1366	PANCL1366_struct
PAN4162_struct	PANCL4162	PANCL4162_struct
PAN5707_struct	PANCL5707	PANCL2597_struct
PAN5883_struct	PANCL5883	PANCL5506_struct
PAN12570_struct	PANCL12570	PANCL10000_struct
PAN1060_struct	PANCL1060	PANCL1060_struct
PAN8180_struct	PANCL8180	PANCL8180_struct
PAN13090_struct	PANCL13090	PANCL13090_struct
PAN1208_struct	PANCL1208	PANCL1208_struct
PAN5779_struct	PANCL5779	PANCL5779_struct
PAN5882_struct	PANCL5882	PANCL12559_struct
PAN6993_struct	PANCL6993	PANCL4928_struct
PAN9032_struct	PANCL9032	PANCL10362_struct
PAN9559_struct	PANCL9559	PANCL10001_struct
PAN11592_struct	PANCL11592	PANCL11592_struct
PAN13949_struct	PANCL13949	PANCL13949_struct
PAN7085_struct	PANCL7085	PANCL7085_struct
PAN2597_struct	PANCL2597	PANCL2597_struct
PAN6686_struct	PANCL6686	PANCL6686_struct
PAN7928_struct	PANCL7928	PANCL10000_struct
PAN8944_struct	PANCL8944	PANCL8944_struct
PAN11663_struct	PANCL11663	PANCL10000_struct
PAN11862_struct	PANCL11862	PANCL10000_struct
PAN8650_struct	PANCL8650	PANCL8650_struct
PAN5507_struct	PANCL5507	PANCL10000_struct
PAN5214_struct	PANCL5214	PANCL11429_struct
PAN5506_struct	PANCL5506	PANCL5506_struct
PAN5786_struct	PANCL5786	PANCL11429_struct
PAN7134_struct	PANCL7134	PANCL12268_struct
PAN8062_struct	PANCL8062	PANCL10362_struct
PAN9456_struct	PANCL9456	PANCL9456_struct
PAN2845_struct	PANCL2845	PANCL2597_struct
PAN4352_struct	PANCL4352	PANCL10362_struct
PAN5550_struct	PANCL5550	PANCL4345_struct
PAN6585_struct	PANCL6585	PANCL1856_struct
PAN6617_struct	PANCL6617	PANCL6617_struct
PAN9480_struct	PANCL9480	PANCL12268_struct
PAN10472_struct	PANCL10472	PANCL10001_struct
PAN13975_struct	PANCL13975	PANCL13975_struct
PAN5457_struct	PANCL5457	PANCL5237_struct
PAN5972_struct	PANCL5972	PANCL1856_struct
PAN6368_struct	PANCL6368	PANCL10362_struct
PAN3140_struct	PANCL3140	PANCL10362_struct
PAN5324_struct	PANCL5324	PANCL5324_struct
PAN8608_struct	PANCL8608	PANCL8608_struct
PAN5577_struct	PANCL5577	PANCL5237_struct
PAN9484_struct	PANCL9484	PANCL9484_struct
PAN9813_struct	PANCL9813	PANCL10001_struct
PAN12293_struct	PANCL12293	PANCL12293_struct
PAN5198_struct	PANCL5198	PANCL13975_struct
PAN6722_struct	PANCL6722	PANCL6722_struct
PAN9488_struct	PANCL9488	PANCL11792_struct
PAN2173_struct	PANCL2173	PANCL1856_struct
PAN6340_struct	PANCL6340	PANCL6340_struct
PAN11093_struct	PANCL11093	PANCL11093_struct
PAN89_struct	PANCL89	PANCL11429_struct
PAN8966_struct	PANCL8966	PANCL8966_struct
PAN11792_struct	PANCL11792	PANCL11792_struct
PAN1502_struct	PANCL1502	PANCL10362_struct
PAN4998_struct	PANCL4998	PANCL12293_struct
PAN6747_struct	PANCL6747	PANCL11792_struct
PAN5265_struct	PANCL5265	PANCL5265_struct
PAN8378_struct	PANCL8378	PANCL8378_struct
PAN941_struct	PANCL941	PANCL941_struct
PAN4043_struct	PANCL4043	PANCL10000_struct
PAN7128_struct	PANCL7128	PANCL7128_struct
PAN12003_struct	PANCL12003	PANCL12003_struct
PAN6034_struct	PANCL6034	PANCL4162_struct
PAN9084_struct	PANCL9084	PANCL10001_struct
PAN10362_struct	PANCL10362	PANCL10362_struct
PAN13763_struct	PANCL13763	PANCL10001_struct
PAN4654_struct	PANCL4654	PANCL4654_struct
PAN5784_struct	PANCL5784	PANCL4162_struct
PAN5969_struct	PANCL5969	PANCL5969_struct
PAN8192_struct	PANCL8192	PANCL10001_struct
PAN6220_struct	PANCL6220	PANCL6220_struct
PAN13801_struct	PANCL13801	PANCL10362_struct
PAN5505_struct	PANCL5505	PANCL5505_struct
PAN6875_struct	PANCL6875	PANCL6875_struct
PAN7748_struct	PANCL7748	PANCL7748_struct
PAN4344_struct	PANCL4344	PANCL10362_struct
PAN7971_struct	PANCL7971	PANCL10001_struct
PAN10392_struct	PANCL10392	PANCL10001_struct
PAN11084_struct	PANCL11084	PANCL11084_struct
PAN11429_struct	PANCL11429	PANCL11429_struct
PAN7592_struct	PANCL7592	PANCL12293_struct
PAN8297_struct	PANCL8297	PANCL12268_struct
PAN6700_struct	PANCL6700	PANCL6700_struct
PAN6316_struct	PANCL6316	PANCL6316_struct
PAN7695_struct	PANCL7695	PANCL10064_struct
PAN8356_struct	PANCL8356	PANCL8356_struct
PAN9472_struct	PANCL9472	PANCL12293_struct
PAN5162_struct	PANCL5162	PANCL5162_struct
PAN7869_struct	PANCL7869	PANCL7869_struct
PAN12746_struct	PANCL12746	PANCL10001_struct
PAN12799_struct	PANCL12799	PANCL10001_struct
PAN4345_struct	PANCL4345	PANCL4345_struct
PAN9143_struct	PANCL9143	PANCL5237_struct
PAN6306_struct	PANCL6306	PANCL6306_struct
PAN8453_struct	PANCL8453	PANCL12268_struct
PAN13651_struct	PANCL13651	PANCL10001_struct
PAN4354_struct	PANCL4354	PANCL4354_struct
PAN14040_struct	PANCL14040	PANCL10001_struct
PAN7462_struct	PANCL7462	PANCL10001_struct
PAN9206_struct	PANCL9206	PANCL9206_struct
PAN11316_struct	PANCL11316	PANCL11316_struct
PAN13041_struct	PANCL13041	PANCL13041_struct
PAN2258_struct	PANCL2258	PANCL2258_struct
PAN7124_struct	PANCL7124	PANCL5162_struct
PAN10803_struct	PANCL10803	PANCL10803_struct
PAN12462_struct	PANCL12462	PANCL12462_struct
PAN10669_struct	PANCL10669	PANCL10669_struct
PAN3380_struct	PANCL3380	PANCL3380_struct
PAN10746_struct	PANCL10746	PANCL10746_struct
PAN8299_struct	PANCL8299	PANCL5162_struct
PAN5239_struct	PANCL5239	PANCL12268_struct
PAN5502_struct	PANCL5502	PANCL5494_struct
PAN6735_struct	PANCL6735	PANCL6735_struct
PAN10457_struct	PANCL10457	PANCL10001_struct
PAN5734_struct	PANCL5734	PANCL5734_struct
PAN12557_struct	PANCL12557	PANCL12557_struct
PAN6933_struct	PANCL6933	PANCL6933_struct
PAN11427_struct	PANCL11427	PANCL11427_struct
PAN11452_struct	PANCL11452	PANCL11452_struct
PAN11759_struct	PANCL11759	PANCL10001_struct
PAN12840_struct	PANCL12840	PANCL10001_struct
PAN13948_struct	PANCL13948	PANCL13948_struct
PAN7946_struct	PANCL7946	PANCL10001_struct
PAN11056_struct	PANCL11056	PANCL10001_struct
PAN13118_struct	PANCL13118	PANCL13118_struct
PAN5492_struct	PANCL5492	PANCL5492_struct
PAN5766_struct	PANCL5766	PANCL5766_struct
PAN9142_struct	PANCL9142	PANCL9142_struct
PAN10382_struct	PANCL10382	PANCL10001_struct
PAN13043_struct	PANCL13043	PANCL13043_struct
PAN5427_struct	PANCL5427	PANCL5427_struct
PAN6005_struct	PANCL6005	PANCL6005_struct
PAN8720_struct	PANCL8720	PANCL10001_struct
PAN9227_struct	PANCL9227	PANCL5766_struct
PAN10489_struct	PANCL10489	PANCL10001_struct
PAN12089_struct	PANCL12089	PANCL10001_struct
PAN3726_struct	PANCL3726	PANCL3726_struct
PAN8057_struct	PANCL8057	PANCL10001_struct
PAN11339_struct	PANCL11339	PANCL11339_struct
PAN13928_struct	PANCL13928	PANCL13928_struct
PAN5510_struct	PANCL5510	PANCL5510_struct
PAN5768_struct	PANCL5768	PANCL5768_struct
PAN6620_struct	PANCL6620	PANCL10729_struct
PAN8715_struct	PANCL8715	PANCL10001_struct
PAN9625_struct	PANCL9625	PANCL10001_struct
PAN10679_struct	PANCL10679	PANCL10679_struct
PAN10828_struct	PANCL10828	PANCL10001_struct
PAN10870_struct	PANCL10870	PANCL10870_struct
PAN7432_struct	PANCL7432	PANCL10290_struct
PAN13855_struct	PANCL13855	PANCL10001_struct
PAN5323_struct	PANCL5323	PANCL3380_struct
PAN8086_struct	PANCL8086	PANCL8086_struct
PAN10323_struct	PANCL10323	PANCL10001_struct
PAN10659_struct	PANCL10659	PANCL10659_struct
PAN2132_struct	PANCL2132	PANCL10290_struct
PAN5088_struct	PANCL5088	PANCL5088_struct
PAN6321_struct	PANCL6321	PANCL6321_struct
PAN1849_struct	PANCL1849	PANCL1849_struct
PAN4455_struct	PANCL4455	PANCL4455_struct
PAN5168_struct	PANCL5168	PANCL5168_struct
PAN6599_struct	PANCL6599	PANCL5081_struct
PAN10003_struct	PANCL10003	PANCL10001_struct
PAN6186_struct	PANCL6186	PANCL6186_struct
PAN5753_struct	PANCL5753	PANCL5753_struct
PAN6756_struct	PANCL6756	PANCL6756_struct
PAN13899_struct	PANCL13899	PANCL11117_struct
PAN9544_struct	PANCL9544	PANCL10001_struct
PAN10290_struct	PANCL10290	PANCL10290_struct
PAN4133_struct	PANCL4133	PANCL10290_struct
PAN9473_struct	PANCL9473	PANCL9473_struct
PAN11716_struct	PANCL11716	PANCL10001_struct
PAN6859_struct	PANCL6859	PANCL6220_struct
PAN5316_struct	PANCL5316	PANCL5316_struct
PAN5756_struct	PANCL5756	PANCL5756_struct
PAN7017_struct	PANCL7017	PANCL7017_struct
PAN10059_struct	PANCL10059	PANCL10001_struct
PAN12928_struct	PANCL12928	PANCL10001_struct
PAN5406_struct	PANCL5406	PANCL11295_struct
PAN5968_struct	PANCL5968	PANCL5968_struct
PAN7164_struct	PANCL7164	PANCL10942_struct
PAN8432_struct	PANCL8432	PANCL102_struct
PAN7141_struct	PANCL7141	PANCL10729_struct
PAN1867_struct	PANCL1867	PANCL10729_struct
PAN6708_struct	PANCL6708	PANCL6708_struct
PAN13042_struct	PANCL13042	PANCL13042_struct
PAN2248_struct	PANCL2248	PANCL10272_struct
PAN10827_struct	PANCL10827	PANCL10064_struct
PAN483_struct	PANCL483	PANCL13239_struct
PAN1590_struct	PANCL1590	PANCL1590_struct
PAN7601_struct	PANCL7601	PANCL12090_struct
PAN5509_struct	PANCL5509	PANCL10272_struct
PAN1179_struct	PANCL1179	PANCL1179_struct
PAN7560_struct	PANCL7560	PANCL10299_struct
PAN7958_struct	PANCL7958	PANCL10064_struct
PAN8998_struct	PANCL8998	PANCL10001_struct
PAN10927_struct	PANCL10927	PANCL10001_struct
PAN14012_struct	PANCL14012	PANCL10001_struct
PAN6259_struct	PANCL6259	PANCL13154_struct
PAN12090_struct	PANCL12090	PANCL12090_struct
PAN5005_struct	PANCL5005	PANCL5005_struct
PAN7679_struct	PANCL7679	PANCL10064_struct
PAN8543_struct	PANCL8543	PANCL8543_struct
PAN8863_struct	PANCL8863	PANCL10290_struct
PAN11338_struct	PANCL11338	PANCL11338_struct
PAN312_struct	PANCL312	PANCL312_struct
PAN12202_struct	PANCL12202	PANCL12202_struct
PAN8397_struct	PANCL8397	PANCL8397_struct
PAN9063_struct	PANCL9063	PANCL10064_struct
PAN10816_struct	PANCL10816	PANCL10064_struct
PAN12546_struct	PANCL12546	PANCL10000_struct
PAN7355_struct	PANCL7355	PANCL10064_struct
PAN10804_struct	PANCL10804	PANCL10804_struct
PAN6176_struct	PANCL6176	PANCL6176_struct
PAN9055_struct	PANCL9055	PANCL10064_struct
PAN11951_struct	PANCL11951	PANCL10064_struct
PAN1110_struct	PANCL1110	PANCL1110_struct
PAN7704_struct	PANCL7704	PANCL7704_struct
PAN274_struct	PANCL274	PANCL274_struct
PAN1972_struct	PANCL1972	PANCL1972_struct
PAN5999_struct	PANCL5999	PANCL5999_struct
PAN8221_struct	PANCL8221	PANCL10001_struct
PAN1851_struct	PANCL1851	PANCL1851_struct
PAN7805_struct	PANCL7805	PANCL7805_struct
PAN8149_struct	PANCL8149	PANCL12090_struct
PAN9315_struct	PANCL9315	PANCL10886_struct
PAN9921_struct	PANCL9921	PANCL9921_struct
PAN10676_struct	PANCL10676	PANCL10676_struct
PAN11230_struct	PANCL11230	PANCL10299_struct
PAN11790_struct	PANCL11790	PANCL11790_struct
PAN7020_struct	PANCL7020	PANCL7020_struct
PAN7328_struct	PANCL7328	PANCL7328_struct
PAN11647_struct	PANCL11647	PANCL11647_struct
PAN13882_struct	PANCL13882	PANCL13882_struct
PAN7642_struct	PANCL7642	PANCL10064_struct
PAN415_struct	PANCL415	PANCL10886_struct
PAN1810_struct	PANCL1810	PANCL10064_struct
PAN8483_struct	PANCL8483	PANCL8483_struct
PAN10001_struct	PANCL10001	PANCL10001_struct
PAN10057_struct	PANCL10057	PANCL10001_struct
PAN13151_struct	PANCL13151	PANCL13151_struct
PAN2791_struct	PANCL2791	PANCL10299_struct
PAN7969_struct	PANCL7969	PANCL10001_struct
PAN10671_struct	PANCL10671	PANCL10671_struct
PAN114_struct	PANCL114	PANCL10886_struct
PAN6674_struct	PANCL6674	PANCL6584_struct
PAN9220_struct	PANCL9220	PANCL9220_struct
PAN10942_struct	PANCL10942	PANCL10942_struct
PAN13091_struct	PANCL13091	PANCL13091_struct
PAN13440_struct	PANCL13440	PANCL13440_struct
PAN6876_struct	PANCL6876	PANCL6875_struct
PAN7680_struct	PANCL7680	PANCL10272_struct
PAN7806_struct	PANCL7806	PANCL7806_struct
PAN13907_struct	PANCL13907	PANCL13907_struct
PAN750_struct	PANCL750	PANCL750_struct
PAN5484_struct	PANCL5484	PANCL5484_struct
PAN5857_struct	PANCL5857	PANCL5041_struct
PAN5928_struct	PANCL5928	PANCL5928_struct
PAN10920_struct	PANCL10920	PANCL10064_struct
PAN6752_struct	PANCL6752	PANCL10299_struct
PAN7378_struct	PANCL7378	PANCL10001_struct
PAN7929_struct	PANCL7929	PANCL7929_struct
PAN10273_struct	PANCL10273	PANCL10001_struct
PAN11299_struct	PANCL11299	PANCL11299_struct
PAN7964_struct	PANCL7964	PANCL10064_struct
PAN10587_struct	PANCL10587	PANCL10587_struct
PAN11645_struct	PANCL11645	PANCL10886_struct
PAN13450_struct	PANCL13450	PANCL10272_struct
PAN13881_struct	PANCL13881	PANCL10272_struct
PAN5839_struct	PANCL5839	PANCL5839_struct
PAN8210_struct	PANCL8210	PANCL10001_struct
PAN13410_struct	PANCL13410	PANCL10064_struct
PAN2298_struct	PANCL2298	PANCL10272_struct
PAN5041_struct	PANCL5041	PANCL5041_struct
PAN5375_struct	PANCL5375	PANCL5375_struct
PAN8050_struct	PANCL8050	PANCL10064_struct
PAN8408_struct	PANCL8408	PANCL8408_struct
PAN12527_struct	PANCL12527	PANCL10001_struct
PAN6755_struct	PANCL6755	PANCL1070_struct
PAN7318_struct	PANCL7318	PANCL7318_struct
PAN10101_struct	PANCL10101	PANCL10064_struct
PAN4187_struct	PANCL4187	PANCL10299_struct
PAN6638_struct	PANCL6638	PANCL6638_struct
PAN6881_struct	PANCL6881	PANCL10671_struct
PAN8551_struct	PANCL8551	PANCL10064_struct
PAN9281_struct	PANCL9281	PANCL11312_struct
PAN13672_struct	PANCL13672	PANCL10299_struct
PAN5118_struct	PANCL5118	PANCL5118_struct
PAN10236_struct	PANCL10236	PANCL10001_struct
PAN13852_struct	PANCL13852	PANCL11228_struct
PAN1916_struct	PANCL1916	PANCL1916_struct
PAN4078_struct	PANCL4078	PANCL10064_struct
PAN4985_struct	PANCL4985	PANCL4455_struct
PAN6962_struct	PANCL6962	PANCL6962_struct
PAN11771_struct	PANCL11771	PANCL11771_struct
PAN1581_struct	PANCL1581	PANCL10272_struct
PAN5475_struct	PANCL5475	PANCL10671_struct
PAN10011_struct	PANCL10011	PANCL10011_struct
PAN11295_struct	PANCL11295	PANCL11295_struct
PAN12344_struct	PANCL12344	PANCL12344_struct
PAN5365_struct	PANCL5365	PANCL10299_struct
PAN6132_struct	PANCL6132	PANCL6132_struct
PAN6155_struct	PANCL6155	PANCL13122_struct
PAN6630_struct	PANCL6630	PANCL6630_struct
PAN8158_struct	PANCL8158	PANCL10001_struct
PAN13666_struct	PANCL13666	PANCL10001_struct
PAN629_struct	PANCL629	PANCL629_struct
PAN8822_struct	PANCL8822	PANCL10001_struct
PAN9081_struct	PANCL9081	PANCL10064_struct
PAN9375_struct	PANCL9375	PANCL10272_struct
PAN9391_struct	PANCL9391	PANCL9391_struct
PAN3174_struct	PANCL3174	PANCL10299_struct
PAN6721_struct	PANCL6721	PANCL10766_struct
PAN9058_struct	PANCL9058	PANCL10001_struct
PAN10105_struct	PANCL10105	PANCL10064_struct
PAN5563_struct	PANCL5563	PANCL10886_struct
PAN1257_struct	PANCL1257	PANCL10886_struct
PAN1418_struct	PANCL1418	PANCL10299_struct
PAN3145_struct	PANCL3145	PANCL3145_struct
PAN7234_struct	PANCL7234	PANCL13122_struct
PAN9883_struct	PANCL9883	PANCL13122_struct
PAN10269_struct	PANCL10269	PANCL10001_struct
PAN11900_struct	PANCL11900	PANCL11900_struct
PAN12222_struct	PANCL12222	PANCL12222_struct
PAN12370_struct	PANCL12370	PANCL11568_struct
PAN198_struct	PANCL198	PANCL10064_struct
PAN1666_struct	PANCL1666	PANCL1070_struct
PAN1780_struct	PANCL1780	PANCL10299_struct
PAN5081_struct	PANCL5081	PANCL5081_struct
PAN5436_struct	PANCL5436	PANCL10299_struct
PAN7581_struct	PANCL7581	PANCL10064_struct
PAN7589_struct	PANCL7589	PANCL10001_struct
PAN9526_struct	PANCL9526	PANCL10064_struct
PAN10299_struct	PANCL10299	PANCL10299_struct
PAN210_struct	PANCL210	PANCL210_struct
PAN4265_struct	PANCL4265	PANCL10299_struct
PAN10194_struct	PANCL10194	PANCL10001_struct
PAN10886_struct	PANCL10886	PANCL10886_struct
PAN11418_struct	PANCL11418	PANCL10729_struct
PAN13122_struct	PANCL13122	PANCL13122_struct
PAN13229_struct	PANCL13229	PANCL10272_struct
PAN13452_struct	PANCL13452	PANCL10064_struct
PAN18_struct	PANCL18	PANCL1506_struct
PAN284_struct	PANCL284	PANCL284_struct
PAN1890_struct	PANCL1890	PANCL1070_struct
PAN3693_struct	PANCL3693	PANCL1070_struct
PAN5481_struct	PANCL5481	PANCL5041_struct
PAN7362_struct	PANCL7362	PANCL10064_struct
PAN8910_struct	PANCL8910	PANCL10001_struct
PAN10064_struct	PANCL10064	PANCL10064_struct
PAN13822_struct	PANCL13822	PANCL10064_struct
PAN2666_struct	PANCL2666	PANCL10064_struct
PAN8535_struct	PANCL8535	PANCL1506_struct
PAN10289_struct	PANCL10289	PANCL10001_struct
PAN10903_struct	PANCL10903	PANCL10272_struct
PAN11829_struct	PANCL11829	PANCL11829_struct
PAN13239_struct	PANCL13239	PANCL13239_struct
PAN144_struct	PANCL144	PANCL10299_struct
PAN2022_struct	PANCL2022	PANCL10272_struct
PAN3101_struct	PANCL3101	PANCL10299_struct
PAN3406_struct	PANCL3406	PANCL10886_struct
PAN4378_struct	PANCL4378	PANCL3145_struct
PAN9323_struct	PANCL9323	PANCL10064_struct
PAN12408_struct	PANCL12408	PANCL10299_struct
PAN13456_struct	PANCL13456	PANCL10001_struct
PAN2354_struct	PANCL2354	PANCL10272_struct
PAN2553_struct	PANCL2553	PANCL2553_struct
PAN6899_struct	PANCL6899	PANCL3145_struct
PAN9562_struct	PANCL9562	PANCL9562_struct
PAN9719_struct	PANCL9719	PANCL10001_struct
PAN10873_struct	PANCL10873	PANCL10272_struct
PAN11375_struct	PANCL11375	PANCL10272_struct
PAN12170_struct	PANCL12170	PANCL10001_struct
PAN13730_struct	PANCL13730	PANCL10064_struct
PAN7903_struct	PANCL7903	PANCL10064_struct
PAN625_struct	PANCL625	PANCL10272_struct
PAN1070_struct	PANCL1070	PANCL1070_struct
PAN1813_struct	PANCL1813	PANCL10272_struct
PAN2152_struct	PANCL2152	PANCL1622_struct
PAN7015_struct	PANCL7015	PANCL7015_struct
PAN7537_struct	PANCL7537	PANCL10064_struct
PAN9381_struct	PANCL9381	PANCL10064_struct
PAN448_struct	PANCL448	PANCL1506_struct
PAN3374_struct	PANCL3374	PANCL11228_struct
PAN5991_struct	PANCL5991	PANCL5991_struct
PAN7555_struct	PANCL7555	PANCL10064_struct
PAN9428_struct	PANCL9428	PANCL9428_struct
PAN11292_struct	PANCL11292	PANCL11292_struct
PAN9343_struct	PANCL9343	PANCL10001_struct
PAN1830_struct	PANCL1830	PANCL10272_struct
PAN6196_struct	PANCL6196	PANCL1185_struct
PAN6847_struct	PANCL6847	PANCL6847_struct
PAN7401_struct	PANCL7401	PANCL10001_struct
PAN8389_struct	PANCL8389	PANCL8389_struct
PAN8555_struct	PANCL8555	PANCL10064_struct
PAN10095_struct	PANCL10095	PANCL10001_struct
PAN10469_struct	PANCL10469	PANCL10001_struct
PAN263_struct	PANCL263	PANCL10299_struct
PAN649_struct	PANCL649	PANCL649_struct
PAN797_struct	PANCL797	PANCL1070_struct
PAN1266_struct	PANCL1266	PANCL10299_struct
PAN1506_struct	PANCL1506	PANCL1506_struct
PAN1892_struct	PANCL1892	PANCL10299_struct
PAN2571_struct	PANCL2571	PANCL1070_struct
PAN2602_struct	PANCL2602	PANCL1622_struct
PAN9077_struct	PANCL9077	PANCL284_struct
PAN10345_struct	PANCL10345	PANCL10272_struct
PAN10454_struct	PANCL10454	PANCL10001_struct
PAN13186_struct	PANCL13186	PANCL10299_struct
PAN13851_struct	PANCL13851	PANCL10272_struct
PAN967_struct	PANCL967	PANCL1179_struct
PAN8238_struct	PANCL8238	PANCL281_struct
PAN77_struct	PANCL77	PANCL10064_struct
PAN1739_struct	PANCL1739	PANCL10272_struct
PAN5494_struct	PANCL5494	PANCL5494_struct
PAN7628_struct	PANCL7628	PANCL10064_struct
PAN8855_struct	PANCL8855	PANCL10427_struct
PAN7142_struct	PANCL7142	PANCL5494_struct
PAN9400_struct	PANCL9400	PANCL10064_struct
PAN9934_struct	PANCL9934	PANCL10064_struct
PAN10335_struct	PANCL10335	PANCL10064_struct
PAN12053_struct	PANCL12053	PANCL10064_struct
PAN13967_struct	PANCL13967	PANCL10064_struct
PAN4160_struct	PANCL4160	PANCL1070_struct
PAN5858_struct	PANCL5858	PANCL5858_struct
PAN6299_struct	PANCL6299	PANCL5839_struct
PAN12918_struct	PANCL12918	PANCL10064_struct
PAN13738_struct	PANCL13738	PANCL10064_struct
PAN211_struct	PANCL211	PANCL11228_struct
PAN855_struct	PANCL855	PANCL10272_struct
PAN1848_struct	PANCL1848	PANCL10064_struct
PAN6359_struct	PANCL6359	PANCL6359_struct
PAN7630_struct	PANCL7630	PANCL10272_struct
PAN10321_struct	PANCL10321	PANCL10064_struct
PAN10342_struct	PANCL10342	PANCL10272_struct
PAN10644_struct	PANCL10644	PANCL10064_struct
PAN11995_struct	PANCL11995	PANCL11995_struct
PAN1417_struct	PANCL1417	PANCL1070_struct
PAN3591_struct	PANCL3591	PANCL10299_struct
PAN5669_struct	PANCL5669	PANCL10299_struct
PAN5971_struct	PANCL5971	PANCL5494_struct
PAN8008_struct	PANCL8008	PANCL10272_struct
PAN9247_struct	PANCL9247	PANCL9247_struct
PAN2388_struct	PANCL2388	PANCL10064_struct
PAN4236_struct	PANCL4236	PANCL12811_struct
PAN8333_struct	PANCL8333	PANCL6893_struct
PAN12219_struct	PANCL12219	PANCL12219_struct
PAN13820_struct	PANCL13820	PANCL10064_struct
PAN1920_struct	PANCL1920	PANCL11228_struct
PAN4980_struct	PANCL4980	PANCL4980_struct
PAN13139_struct	PANCL13139	PANCL13139_struct
PAN1422_struct	PANCL1422	PANCL1422_struct
PAN8833_struct	PANCL8833	PANCL10064_struct
PAN9881_struct	PANCL9881	PANCL9881_struct
PAN12731_struct	PANCL12731	PANCL10064_struct
PAN180_struct	PANCL180	PANCL10299_struct
PAN1053_struct	PANCL1053	PANCL10299_struct
PAN3089_struct	PANCL3089	PANCL10299_struct
PAN9976_struct	PANCL9976	PANCL1622_struct
PAN13407_struct	PANCL13407	PANCL10064_struct
PAN13858_struct	PANCL13858	PANCL10891_struct
PAN2362_struct	PANCL2362	PANCL10272_struct
PAN5079_struct	PANCL5079	PANCL11228_struct
PAN5328_struct	PANCL5328	PANCL5328_struct
PAN6118_struct	PANCL6118	PANCL10064_struct
PAN9105_struct	PANCL9105	PANCL10011_struct
PAN10748_struct	PANCL10748	PANCL102_struct
PAN1185_struct	PANCL1185	PANCL1185_struct
PAN2189_struct	PANCL2189	PANCL10299_struct
PAN7564_struct	PANCL7564	PANCL10272_struct
PAN13466_struct	PANCL13466	PANCL10299_struct
PAN1751_struct	PANCL1751	PANCL1179_struct
PAN2266_struct	PANCL2266	PANCL12811_struct
PAN4106_struct	PANCL4106	PANCL4106_struct
PAN5776_struct	PANCL5776	PANCL5776_struct
PAN7722_struct	PANCL7722	PANCL7722_struct
PAN164_struct	PANCL164	PANCL1185_struct
PAN6447_struct	PANCL6447	PANCL6447_struct
PAN7943_struct	PANCL7943	PANCL281_struct
PAN10891_struct	PANCL10891	PANCL10891_struct
PAN2049_struct	PANCL2049	PANCL10064_struct
PAN4547_struct	PANCL4547	PANCL10272_struct
PAN8801_struct	PANCL8801	PANCL11228_struct
PAN11116_struct	PANCL11116	PANCL11116_struct
PAN11273_struct	PANCL11273	PANCL10064_struct
PAN20_struct	PANCL20	PANCL10299_struct
PAN1383_struct	PANCL1383	PANCL1383_struct
PAN7003_struct	PANCL7003	PANCL7003_struct
PAN8361_struct	PANCL8361	PANCL8361_struct
PAN11228_struct	PANCL11228	PANCL11228_struct
PAN11736_struct	PANCL11736	PANCL10001_struct
PAN11937_struct	PANCL11937	PANCL10394_struct
PAN12811_struct	PANCL12811	PANCL12811_struct
PAN1399_struct	PANCL1399	PANCL1399_struct
PAN2814_struct	PANCL2814	PANCL12811_struct
PAN5115_struct	PANCL5115	PANCL5115_struct
PAN7602_struct	PANCL7602	PANCL12041_struct
PAN9917_struct	PANCL9917	PANCL1354_struct
PAN10359_struct	PANCL10359	PANCL10272_struct
PAN5262_struct	PANCL5262	PANCL5262_struct
PAN1565_struct	PANCL1565	PANCL10299_struct
PAN1622_struct	PANCL1622	PANCL1622_struct
PAN6352_struct	PANCL6352	PANCL1354_struct
PAN12099_struct	PANCL12099	PANCL10394_struct
PAN560_struct	PANCL560	PANCL1179_struct
PAN847_struct	PANCL847	PANCL10394_struct
PAN5183_struct	PANCL5183	PANCL5183_struct
PAN6376_struct	PANCL6376	PANCL11390_struct
PAN1354_struct	PANCL1354	PANCL1354_struct
PAN6952_struct	PANCL6952	PANCL10394_struct
PAN9763_struct	PANCL9763	PANCL10394_struct
PAN3182_struct	PANCL3182	PANCL1519_struct
PAN166_struct	PANCL166	PANCL1185_struct
PAN2828_struct	PANCL2828	PANCL1825_struct
PAN2998_struct	PANCL2998	PANCL281_struct
PAN5308_struct	PANCL5308	PANCL281_struct
PAN1519_struct	PANCL1519	PANCL1519_struct
PAN9237_struct	PANCL9237	PANCL9237_struct
PAN10753_struct	PANCL10753	PANCL10753_struct
PAN10825_struct	PANCL10825	PANCL10825_struct
PAN11888_struct	PANCL11888	PANCL11888_struct
PAN2177_struct	PANCL2177	PANCL102_struct
PAN10718_struct	PANCL10718	PANCL10394_struct
PAN11085_struct	PANCL11085	PANCL11085_struct
PAN7_struct	PANCL7	PANCL10891_struct
PAN241_struct	PANCL241	PANCL12041_struct
PAN4358_struct	PANCL4358	PANCL12041_struct
PAN8957_struct	PANCL8957	PANCL8957_struct
PAN281_struct	PANCL281	PANCL281_struct
PAN2948_struct	PANCL2948	PANCL11228_struct
PAN3601_struct	PANCL3601	PANCL3601_struct
PAN4337_struct	PANCL4337	PANCL281_struct
PAN7477_struct	PANCL7477	PANCL1185_struct
PAN8945_struct	PANCL8945	PANCL8945_struct
PAN12643_struct	PANCL12643	PANCL10011_struct
PAN1_struct	PANCL1	PANCL10011_struct
PAN1731_struct	PANCL1731	PANCL1731_struct
PAN5303_struct	PANCL5303	PANCL5303_struct
PAN6111_struct	PANCL6111	PANCL6111_struct
PAN6228_struct	PANCL6228	PANCL6228_struct
PAN6324_struct	PANCL6324	PANCL10011_struct
PAN7460_struct	PANCL7460	PANCL102_struct
PAN10766_struct	PANCL10766	PANCL10766_struct
PAN11282_struct	PANCL11282	PANCL10394_struct
PAN12033_struct	PANCL12033	PANCL12033_struct
PAN1226_struct	PANCL1226	PANCL10394_struct
PAN7137_struct	PANCL7137	PANCL7137_struct
PAN9083_struct	PANCL9083	PANCL10011_struct
PAN9482_struct	PANCL9482	PANCL9482_struct
PAN10115_struct	PANCL10115	PANCL10011_struct
PAN12041_struct	PANCL12041	PANCL12041_struct
PAN767_struct	PANCL767	PANCL11673_struct
PAN5559_struct	PANCL5559	PANCL10011_struct
PAN7619_struct	PANCL7619	PANCL10394_struct
PAN13709_struct	PANCL13709	PANCL10011_struct
PAN5280_struct	PANCL5280	PANCL10011_struct
PAN611_struct	PANCL611	PANCL1185_struct
PAN692_struct	PANCL692	PANCL11673_struct
PAN1574_struct	PANCL1574	PANCL10011_struct
PAN2693_struct	PANCL2693	PANCL2693_struct
PAN4633_struct	PANCL4633	PANCL10011_struct
PAN8189_struct	PANCL8189	PANCL10011_struct
PAN11744_struct	PANCL11744	PANCL102_struct
PAN12854_struct	PANCL12854	PANCL10011_struct
PAN13775_struct	PANCL13775	PANCL10011_struct
PAN3036_struct	PANCL3036	PANCL12041_struct
PAN4008_struct	PANCL4008	PANCL1519_struct
PAN7787_struct	PANCL7787	PANCL7787_struct
PAN10394_struct	PANCL10394	PANCL10394_struct
PAN557_struct	PANCL557	PANCL10011_struct
PAN5227_struct	PANCL5227	PANCL5227_struct
PAN8803_struct	PANCL8803	PANCL10394_struct
PAN6127_struct	PANCL6127	PANCL102_struct
PAN11345_struct	PANCL11345	PANCL11345_struct
PAN1402_struct	PANCL1402	PANCL11673_struct
PAN1858_struct	PANCL1858	PANCL11673_struct
PAN2732_struct	PANCL2732	PANCL11673_struct
PAN2776_struct	PANCL2776	PANCL2776_struct
PAN6317_struct	PANCL6317	PANCL10729_struct
PAN11264_struct	PANCL11264	PANCL10394_struct
PAN6890_struct	PANCL6890	PANCL6890_struct
PAN309_struct	PANCL309	PANCL11390_struct
PAN1841_struct	PANCL1841	PANCL11673_struct
PAN4198_struct	PANCL4198	PANCL4198_struct
PAN5050_struct	PANCL5050	PANCL11673_struct
PAN7986_struct	PANCL7986	PANCL12041_struct
PAN12125_struct	PANCL12125	PANCL10011_struct
PAN13168_struct	PANCL13168	PANCL10011_struct
PAN13509_struct	PANCL13509	PANCL10394_struct
PAN398_struct	PANCL398	PANCL281_struct
PAN425_struct	PANCL425	PANCL1179_struct
PAN854_struct	PANCL854	PANCL11673_struct
PAN958_struct	PANCL958	PANCL958_struct
PAN3481_struct	PANCL3481	PANCL281_struct
PAN4763_struct	PANCL4763	PANCL13715_struct
PAN4849_struct	PANCL4849	PANCL102_struct
PAN7294_struct	PANCL7294	PANCL10729_struct
PAN8331_struct	PANCL8331	PANCL1185_struct
PAN13424_struct	PANCL13424	PANCL10011_struct
PAN475_struct	PANCL475	PANCL13556_struct
PAN490_struct	PANCL490	PANCL11673_struct
PAN7529_struct	PANCL7529	PANCL10011_struct
PAN11979_struct	PANCL11979	PANCL11979_struct
PAN12018_struct	PANCL12018	PANCL12018_struct
PAN2410_struct	PANCL2410	PANCL13715_struct
PAN6508_struct	PANCL6508	PANCL5439_struct
PAN7207_struct	PANCL7207	PANCL12148_struct
PAN8012_struct	PANCL8012	PANCL8012_struct
PAN10272_struct	PANCL10272	PANCL10272_struct
PAN11691_struct	PANCL11691	PANCL10394_struct
PAN1191_struct	PANCL1191	PANCL11673_struct
PAN1681_struct	PANCL1681	PANCL10011_struct
PAN1732_struct	PANCL1732	PANCL102_struct
PAN4412_struct	PANCL4412	PANCL11673_struct
PAN5221_struct	PANCL5221	PANCL5221_struct
PAN6143_struct	PANCL6143	PANCL10011_struct
PAN8912_struct	PANCL8912	PANCL10272_struct
PAN9872_struct	PANCL9872	PANCL11794_struct
PAN12964_struct	PANCL12964	PANCL10001_struct
PAN3403_struct	PANCL3403	PANCL3403_struct
PAN3906_struct	PANCL3906	PANCL102_struct
PAN5970_struct	PANCL5970	PANCL5494_struct
PAN7596_struct	PANCL7596	PANCL102_struct
PAN7982_struct	PANCL7982	PANCL10011_struct
PAN9274_struct	PANCL9274	PANCL9274_struct
PAN13715_struct	PANCL13715	PANCL13715_struct
PAN623_struct	PANCL623	PANCL1719_struct
PAN843_struct	PANCL843	PANCL13715_struct
PAN7892_struct	PANCL7892	PANCL7892_struct
PAN9438_struct	PANCL9438	PANCL9438_struct
PAN11390_struct	PANCL11390	PANCL11390_struct
PAN1643_struct	PANCL1643	PANCL1179_struct
PAN13997_struct	PANCL13997	PANCL13715_struct
PAN11081_struct	PANCL11081	PANCL10168_struct
PAN5245_struct	PANCL5245	PANCL13715_struct
PAN7109_struct	PANCL7109	PANCL10729_struct
PAN8117_struct	PANCL8117	PANCL8117_struct
PAN9289_struct	PANCL9289	PANCL9289_struct
PAN13234_struct	PANCL13234	PANCL10011_struct
PAN13556_struct	PANCL13556	PANCL13556_struct
PAN14008_struct	PANCL14008	PANCL10290_struct
PAN384_struct	PANCL384	PANCL10870_struct
PAN558_struct	PANCL558	PANCL10394_struct
PAN2771_struct	PANCL2771	PANCL102_struct
PAN3419_struct	PANCL3419	PANCL102_struct
PAN4385_struct	PANCL4385	PANCL13715_struct
PAN4628_struct	PANCL4628	PANCL10011_struct
PAN6506_struct	PANCL6506	PANCL6506_struct
PAN6809_struct	PANCL6809	PANCL5227_struct
PAN6927_struct	PANCL6927	PANCL10729_struct
PAN9204_struct	PANCL9204	PANCL10011_struct
PAN11673_struct	PANCL11673	PANCL11673_struct
PAN13930_struct	PANCL13930	PANCL13930_struct
PAN140_struct	PANCL140	PANCL140_struct
PAN2209_struct	PANCL2209	PANCL140_struct
PAN6312_struct	PANCL6312	PANCL6312_struct
PAN9882_struct	PANCL9882	PANCL9882_struct
PAN11794_struct	PANCL11794	PANCL11794_struct
PAN873_struct	PANCL873	PANCL12041_struct
PAN3609_struct	PANCL3609	PANCL102_struct
PAN4487_struct	PANCL4487	PANCL102_struct
PAN6596_struct	PANCL6596	PANCL10729_struct
PAN10696_struct	PANCL10696	PANCL10696_struct
PAN13923_struct	PANCL13923	PANCL13923_struct
PAN4618_struct	PANCL4618	PANCL1825_struct
PAN6318_struct	PANCL6318	PANCL10729_struct
PAN7145_struct	PANCL7145	PANCL7145_struct
PAN8087_struct	PANCL8087	PANCL8087_struct
PAN2247_struct	PANCL2247	PANCL10011_struct
PAN5011_struct	PANCL5011	PANCL5011_struct
PAN6816_struct	PANCL6816	PANCL10729_struct
PAN8637_struct	PANCL8637	PANCL10870_struct
PAN11715_struct	PANCL11715	PANCL10001_struct
PAN12665_struct	PANCL12665	PANCL12665_struct
PAN297_struct	PANCL297	PANCL297_struct
PAN337_struct	PANCL337	PANCL10394_struct
PAN7302_struct	PANCL7302	PANCL7302_struct
PAN9894_struct	PANCL9894	PANCL9894_struct
PAN10685_struct	PANCL10685	PANCL10685_struct
PAN5862_struct	PANCL5862	PANCL102_struct
PAN7173_struct	PANCL7173	PANCL7173_struct
PAN12889_struct	PANCL12889	PANCL10394_struct
PAN6947_struct	PANCL6947	PANCL10870_struct
PAN271_struct	PANCL271	PANCL102_struct
PAN956_struct	PANCL956	PANCL11673_struct
PAN7775_struct	PANCL7775	PANCL11794_struct
PAN363_struct	PANCL363	PANCL102_struct
PAN385_struct	PANCL385	PANCL102_struct
PAN1441_struct	PANCL1441	PANCL102_struct
PAN4459_struct	PANCL4459	PANCL102_struct
PAN11303_struct	PANCL11303	PANCL11303_struct
PAN409_struct	PANCL409	PANCL102_struct
PAN421_struct	PANCL421	PANCL102_struct
PAN519_struct	PANCL519	PANCL102_struct
PAN5020_struct	PANCL5020	PANCL5020_struct
PAN11906_struct	PANCL11906	PANCL11906_struct
PAN4375_struct	PANCL4375	PANCL102_struct
PAN5893_struct	PANCL5893	PANCL11312_struct
PAN549_struct	PANCL549	PANCL10870_struct
PAN12559_struct	PANCL12559	PANCL12559_struct
PAN2993_struct	PANCL2993	PANCL102_struct
PAN102_struct	PANCL102	PANCL102_struct
PAN4953_struct	PANCL4953	PANCL4953_struct
PAN2720_struct	PANCL2720	PANCL102_struct
PAN5167_struct	PANCL5167	PANCL5167_struct
PAN6590_struct	PANCL6590	PANCL6590_struct
PAN1719_struct	PANCL1719	PANCL1719_struct
PAN2872_struct	PANCL2872	PANCL11312_struct
PAN5185_struct	PANCL5185	PANCL4953_struct
PAN5254_struct	PANCL5254	PANCL5254_struct
PAN5428_struct	PANCL5428	PANCL10753_struct
PAN2883_struct	PANCL2883	PANCL10168_struct
PAN6693_struct	PANCL6693	PANCL6693_struct
PAN11846_struct	PANCL11846	PANCL11846_struct
PAN4961_struct	PANCL4961	PANCL4961_struct
PAN6884_struct	PANCL6884	PANCL6884_struct
PAN6313_struct	PANCL6313	PANCL10753_struct
PAN8461_struct	PANCL8461	PANCL8461_struct
PAN9256_struct	PANCL9256	PANCL9256_struct
PAN9407_struct	PANCL9407	PANCL9407_struct
PAN13960_struct	PANCL13960	PANCL10290_struct
PAN4436_struct	PANCL4436	PANCL11312_struct
PAN7259_struct	PANCL7259	PANCL5439_struct
PAN10702_struct	PANCL10702	PANCL10702_struct
PAN2332_struct	PANCL2332	PANCL10753_struct
PAN6829_struct	PANCL6829	PANCL6632_struct
PAN8485_struct	PANCL8485	PANCL10753_struct
PAN9601_struct	PANCL9601	PANCL10168_struct
PAN11521_struct	PANCL11521	PANCL11521_struct
PAN6625_struct	PANCL6625	PANCL11312_struct
PAN12631_struct	PANCL12631	PANCL12631_struct
PAN6945_struct	PANCL6945	PANCL6945_struct
PAN7763_struct	PANCL7763	PANCL7763_struct
PAN12007_struct	PANCL12007	PANCL12007_struct
PAN11621_struct	PANCL11621	PANCL11621_struct
PAN5439_struct	PANCL5439	PANCL5439_struct
PAN10805_struct	PANCL10805	PANCL10805_struct
PAN11522_struct	PANCL11522	PANCL11295_struct
PAN12359_struct	PANCL12359	PANCL12359_struct
PAN1855_struct	PANCL1855	PANCL10168_struct
PAN5517_struct	PANCL5517	PANCL10753_struct
PAN7072_struct	PANCL7072	PANCL7072_struct
PAN10729_struct	PANCL10729	PANCL10729_struct
PAN6991_struct	PANCL6991	PANCL6991_struct
PAN2748_struct	PANCL2748	PANCL165_struct
PAN9660_struct	PANCL9660	PANCL10168_struct
PAN11841_struct	PANCL11841	PANCL11841_struct
PAN12886_struct	PANCL12886	PANCL10168_struct
PAN13877_struct	PANCL13877	PANCL13877_struct
PAN6758_struct	PANCL6758	PANCL10753_struct
PAN6893_struct	PANCL6893	PANCL6893_struct
PAN8443_struct	PANCL8443	PANCL8020_struct
PAN1458_struct	PANCL1458	PANCL1458_struct
PAN5640_struct	PANCL5640	PANCL2980_struct
PAN7106_struct	PANCL7106	PANCL11312_struct
PAN9209_struct	PANCL9209	PANCL11985_struct
PAN11914_struct	PANCL11914	PANCL10753_struct
PAN11985_struct	PANCL11985	PANCL11985_struct
PAN13163_struct	PANCL13163	PANCL13163_struct
PAN13412_struct	PANCL13412	PANCL13412_struct
PAN5096_struct	PANCL5096	PANCL11312_struct
PAN856_struct	PANCL856	PANCL13412_struct
PAN6710_struct	PANCL6710	PANCL6710_struct
PAN7857_struct	PANCL7857	PANCL10004_struct
PAN9371_struct	PANCL9371	PANCL9371_struct
PAN10333_struct	PANCL10333	PANCL10168_struct
PAN13889_struct	PANCL13889	PANCL13889_struct
PAN3144_struct	PANCL3144	PANCL11312_struct
PAN3674_struct	PANCL3674	PANCL10168_struct
PAN5234_struct	PANCL5234	PANCL5234_struct
PAN9401_struct	PANCL9401	PANCL10168_struct
PAN1072_struct	PANCL1072	PANCL10168_struct
PAN5851_struct	PANCL5851	PANCL10168_struct
PAN6336_struct	PANCL6336	PANCL11312_struct
PAN6589_struct	PANCL6589	PANCL6589_struct
PAN7747_struct	PANCL7747	PANCL7747_struct
PAN7886_struct	PANCL7886	PANCL7886_struct
PAN9516_struct	PANCL9516	PANCL10168_struct
PAN11502_struct	PANCL11502	PANCL11502_struct
PAN13103_struct	PANCL13103	PANCL13103_struct
PAN165_struct	PANCL165	PANCL165_struct
PAN4995_struct	PANCL4995	PANCL4995_struct
PAN5160_struct	PANCL5160	PANCL5160_struct
PAN7058_struct	PANCL7058	PANCL11312_struct
PAN11924_struct	PANCL11924	PANCL11924_struct
PAN4984_struct	PANCL4984	PANCL2980_struct
PAN5988_struct	PANCL5988	PANCL5988_struct
PAN6361_struct	PANCL6361	PANCL6361_struct
PAN9149_struct	PANCL9149	PANCL7820_struct
PAN9240_struct	PANCL9240	PANCL9240_struct
PAN9318_struct	PANCL9318	PANCL10168_struct
PAN10168_struct	PANCL10168	PANCL10168_struct
PAN12009_struct	PANCL12009	PANCL12009_struct
PAN2980_struct	PANCL2980	PANCL2980_struct
PAN7709_struct	PANCL7709	PANCL7709_struct
PAN8823_struct	PANCL8823	PANCL1797_struct
PAN9406_struct	PANCL9406	PANCL9406_struct
PAN7034_struct	PANCL7034	PANCL10729_struct
PAN7781_struct	PANCL7781	PANCL11985_struct
PAN452_struct	PANCL452	PANCL4275_struct
PAN1028_struct	PANCL1028	PANCL10168_struct
PAN4275_struct	PANCL4275	PANCL4275_struct
PAN5193_struct	PANCL5193	PANCL5193_struct
PAN8371_struct	PANCL8371	PANCL8371_struct
PAN9916_struct	PANCL9916	PANCL9916_struct
PAN11813_struct	PANCL11813	PANCL11813_struct
PAN6158_struct	PANCL6158	PANCL6158_struct
PAN464_struct	PANCL464	PANCL4275_struct
PAN5614_struct	PANCL5614	PANCL5160_struct
PAN5738_struct	PANCL5738	PANCL5738_struct
PAN8456_struct	PANCL8456	PANCL10168_struct
PAN11641_struct	PANCL11641	PANCL10168_struct
PAN12555_struct	PANCL12555	PANCL11813_struct
PAN5775_struct	PANCL5775	PANCL5775_struct
PAN5788_struct	PANCL5788	PANCL5788_struct
PAN6635_struct	PANCL6635	PANCL6635_struct
PAN7802_struct	PANCL7802	PANCL7802_struct
PAN8585_struct	PANCL8585	PANCL7820_struct
PAN8636_struct	PANCL8636	PANCL13103_struct
PAN9429_struct	PANCL9429	PANCL13103_struct
PAN1658_struct	PANCL1658	PANCL13412_struct
PAN6866_struct	PANCL6866	PANCL6866_struct
PAN12398_struct	PANCL12398	PANCL12398_struct
PAN13149_struct	PANCL13149	PANCL13149_struct
PAN4956_struct	PANCL4956	PANCL4956_struct
PAN10689_struct	PANCL10689	PANCL10689_struct
PAN10754_struct	PANCL10754	PANCL10754_struct
PAN10790_struct	PANCL10790	PANCL10790_struct
PAN13934_struct	PANCL13934	PANCL13934_struct
PAN2364_struct	PANCL2364	PANCL2364_struct
PAN5844_struct	PANCL5844	PANCL5844_struct
PAN7820_struct	PANCL7820	PANCL7820_struct
PAN7789_struct	PANCL7789	PANCL7789_struct
PAN11448_struct	PANCL11448	PANCL11448_struct
PAN13169_struct	PANCL13169	PANCL13169_struct
PAN6631_struct	PANCL6631	PANCL6631_struct
PAN5231_struct	PANCL5231	PANCL5231_struct
PAN5975_struct	PANCL5975	PANCL12254_struct
PAN10581_struct	PANCL10581	PANCL10581_struct
PAN7080_struct	PANCL7080	PANCL7080_struct
PAN9211_struct	PANCL9211	PANCL9211_struct
PAN6536_struct	PANCL6536	PANCL5844_struct
PAN7750_struct	PANCL7750	PANCL7750_struct
PAN10099_struct	PANCL10099	PANCL10004_struct
PAN4456_struct	PANCL4456	PANCL4456_struct
PAN12650_struct	PANCL12650	PANCL12650_struct
PAN5149_struct	PANCL5149	PANCL5149_struct
PAN7682_struct	PANCL7682	PANCL10004_struct
PAN8020_struct	PANCL8020	PANCL8020_struct
PAN9539_struct	PANCL9539	PANCL10004_struct
PAN10039_struct	PANCL10039	PANCL10004_struct
PAN3506_struct	PANCL3506	PANCL1797_struct
PAN5789_struct	PANCL5789	PANCL5789_struct
PAN5996_struct	PANCL5996	PANCL5996_struct
PAN9941_struct	PANCL9941	PANCL9941_struct
PAN12358_struct	PANCL12358	PANCL12358_struct
PAN2709_struct	PANCL2709	PANCL2709_struct
PAN7914_struct	PANCL7914	PANCL7914_struct
PAN8085_struct	PANCL8085	PANCL8085_struct
PAN10513_struct	PANCL10513	PANCL10004_struct
PAN11597_struct	PANCL11597	PANCL11597_struct
PAN1725_struct	PANCL1725	PANCL10274_struct
PAN4585_struct	PANCL4585	PANCL10004_struct
PAN8437_struct	PANCL8437	PANCL8437_struct
PAN5068_struct	PANCL5068	PANCL5068_struct
PAN6713_struct	PANCL6713	PANCL6713_struct
PAN9079_struct	PANCL9079	PANCL10025_struct
PAN9152_struct	PANCL9152	PANCL7018_struct
PAN9271_struct	PANCL9271	PANCL9271_struct
PAN10288_struct	PANCL10288	PANCL10004_struct
PAN1825_struct	PANCL1825	PANCL1825_struct
PAN4478_struct	PANCL4478	PANCL1825_struct
PAN6900_struct	PANCL6900	PANCL5844_struct
PAN7018_struct	PANCL7018	PANCL7018_struct
PAN12023_struct	PANCL12023	PANCL12023_struct
PAN2242_struct	PANCL2242	PANCL10004_struct
PAN8156_struct	PANCL8156	PANCL8156_struct
PAN8953_struct	PANCL8953	PANCL8953_struct
PAN12299_struct	PANCL12299	PANCL12299_struct
PAN2100_struct	PANCL2100	PANCL1825_struct
PAN2244_struct	PANCL2244	PANCL1797_struct
PAN6858_struct	PANCL6858	PANCL6858_struct
PAN10106_struct	PANCL10106	PANCL10004_struct
PAN11720_struct	PANCL11720	PANCL10004_struct
PAN8106_struct	PANCL8106	PANCL8106_struct
PAN243_struct	PANCL243	PANCL12148_struct
PAN1845_struct	PANCL1845	PANCL1845_struct
PAN8390_struct	PANCL8390	PANCL8390_struct
PAN10907_struct	PANCL10907	PANCL10004_struct
PAN13974_struct	PANCL13974	PANCL10004_struct
PAN524_struct	PANCL524	PANCL4456_struct
PAN6941_struct	PANCL6941	PANCL6941_struct
PAN7334_struct	PANCL7334	PANCL6632_struct
PAN12197_struct	PANCL12197	PANCL12197_struct
PAN13164_struct	PANCL13164	PANCL13164_struct
PAN93_struct	PANCL93	PANCL2286_struct
PAN5339_struct	PANCL5339	PANCL4456_struct
PAN10491_struct	PANCL10491	PANCL10004_struct
PAN13072_struct	PANCL13072	PANCL13072_struct
PAN13871_struct	PANCL13871	PANCL10004_struct
PAN6632_struct	PANCL6632	PANCL6632_struct
PAN7976_struct	PANCL7976	PANCL10004_struct
PAN9296_struct	PANCL9296	PANCL9296_struct
PAN8355_struct	PANCL8355	PANCL8355_struct
PAN969_struct	PANCL969	PANCL969_struct
PAN8140_struct	PANCL8140	PANCL10004_struct
PAN2097_struct	PANCL2097	PANCL2097_struct
PAN3027_struct	PANCL3027	PANCL1845_struct
PAN6203_struct	PANCL6203	PANCL4456_struct
PAN6650_struct	PANCL6650	PANCL6650_struct
PAN10274_struct	PANCL10274	PANCL10274_struct
PAN10932_struct	PANCL10932	PANCL10004_struct
PAN968_struct	PANCL968	PANCL10004_struct
PAN7847_struct	PANCL7847	PANCL10004_struct
PAN8150_struct	PANCL8150	PANCL10004_struct
PAN10055_struct	PANCL10055	PANCL10004_struct
PAN340_struct	PANCL340	PANCL340_struct
PAN1032_struct	PANCL1032	PANCL1032_struct
PAN11544_struct	PANCL11544	PANCL11544_struct
PAN12094_struct	PANCL12094	PANCL10004_struct
PAN13181_struct	PANCL13181	PANCL13181_struct
PAN7230_struct	PANCL7230	PANCL7230_struct
PAN7677_struct	PANCL7677	PANCL10001_struct
PAN8903_struct	PANCL8903	PANCL10004_struct
PAN10114_struct	PANCL10114	PANCL10025_struct
PAN12077_struct	PANCL12077	PANCL10025_struct
PAN2356_struct	PANCL2356	PANCL1845_struct
PAN7007_struct	PANCL7007	PANCL6291_struct
PAN9005_struct	PANCL9005	PANCL10004_struct
PAN10041_struct	PANCL10041	PANCL10025_struct
PAN6668_struct	PANCL6668	PANCL6668_struct
PAN8451_struct	PANCL8451	PANCL8451_struct
PAN8932_struct	PANCL8932	PANCL8932_struct
PAN9696_struct	PANCL9696	PANCL10004_struct
PAN11949_struct	PANCL11949	PANCL10025_struct
PAN394_struct	PANCL394	PANCL1032_struct
PAN6646_struct	PANCL6646	PANCL6646_struct
PAN7647_struct	PANCL7647	PANCL10004_struct
PAN9618_struct	PANCL9618	PANCL10004_struct
PAN10476_struct	PANCL10476	PANCL10004_struct
PAN12075_struct	PANCL12075	PANCL10025_struct
PAN13804_struct	PANCL13804	PANCL10004_struct
PAN11807_struct	PANCL11807	PANCL11807_struct
PAN13320_struct	PANCL13320	PANCL13320_struct
PAN527_struct	PANCL527	PANCL10004_struct
PAN4108_struct	PANCL4108	PANCL12009_struct
PAN5044_struct	PANCL5044	PANCL5044_struct
PAN8188_struct	PANCL8188	PANCL10004_struct
PAN8206_struct	PANCL8206	PANCL10004_struct
PAN8212_struct	PANCL8212	PANCL10025_struct
PAN10885_struct	PANCL10885	PANCL10025_struct
PAN10938_struct	PANCL10938	PANCL10004_struct
PAN2881_struct	PANCL2881	PANCL2881_struct
PAN155_struct	PANCL155	PANCL155_struct
PAN4335_struct	PANCL4335	PANCL4335_struct
PAN7127_struct	PANCL7127	PANCL7127_struct
PAN7129_struct	PANCL7129	PANCL5762_struct
PAN7449_struct	PANCL7449	PANCL10004_struct
PAN8014_struct	PANCL8014	PANCL10025_struct
PAN8160_struct	PANCL8160	PANCL10004_struct
PAN8844_struct	PANCL8844	PANCL10004_struct
PAN8909_struct	PANCL8909	PANCL10004_struct
PAN10522_struct	PANCL10522	PANCL10004_struct
PAN12054_struct	PANCL12054	PANCL10004_struct
PAN12095_struct	PANCL12095	PANCL10004_struct
PAN13711_struct	PANCL13711	PANCL10004_struct
PAN14029_struct	PANCL14029	PANCL10004_struct
PAN8114_struct	PANCL8114	PANCL8114_struct
PAN8142_struct	PANCL8142	PANCL10004_struct
PAN8380_struct	PANCL8380	PANCL8380_struct
PAN10004_struct	PANCL10004	PANCL10004_struct
PAN10046_struct	PANCL10046	PANCL10004_struct
PAN10851_struct	PANCL10851	PANCL10004_struct
PAN10878_struct	PANCL10878	PANCL10004_struct
PAN11518_struct	PANCL11518	PANCL11518_struct
PAN11584_struct	PANCL11584	PANCL11584_struct
PAN11795_struct	PANCL11795	PANCL11795_struct
PAN6926_struct	PANCL6926	PANCL6926_struct
PAN9556_struct	PANCL9556	PANCL10004_struct
PAN10839_struct	PANCL10839	PANCL10004_struct
PAN12464_struct	PANCL12464	PANCL12464_struct
PAN14077_struct	PANCL14077	PANCL10004_struct
PAN2783_struct	PANCL2783	PANCL1845_struct
PAN6815_struct	PANCL6815	PANCL6815_struct
PAN7686_struct	PANCL7686	PANCL10004_struct
PAN8146_struct	PANCL8146	PANCL10004_struct
PAN10379_struct	PANCL10379	PANCL10025_struct
PAN10922_struct	PANCL10922	PANCL10274_struct
PAN11599_struct	PANCL11599	PANCL11599_struct
PAN12116_struct	PANCL12116	PANCL10004_struct
PAN13712_struct	PANCL13712	PANCL10004_struct
PAN13968_struct	PANCL13968	PANCL10004_struct
PAN6174_struct	PANCL6174	PANCL6174_struct
PAN7409_struct	PANCL7409	PANCL10004_struct
PAN7659_struct	PANCL7659	PANCL10025_struct
PAN7948_struct	PANCL7948	PANCL10025_struct
PAN8147_struct	PANCL8147	PANCL10004_struct
PAN8196_struct	PANCL8196	PANCL10004_struct
PAN8235_struct	PANCL8235	PANCL10004_struct
PAN10486_struct	PANCL10486	PANCL10025_struct
PAN12044_struct	PANCL12044	PANCL10004_struct
PAN12148_struct	PANCL12148	PANCL12148_struct
PAN5471_struct	PANCL5471	PANCL5471_struct
PAN5619_struct	PANCL5619	PANCL5619_struct
PAN9075_struct	PANCL9075	PANCL10004_struct
PAN11244_struct	PANCL11244	PANCL10004_struct
PAN11260_struct	PANCL11260	PANCL10004_struct
PAN11531_struct	PANCL11531	PANCL11531_struct
PAN13491_struct	PANCL13491	PANCL10004_struct
PAN1784_struct	PANCL1784	PANCL10004_struct
PAN5526_struct	PANCL5526	PANCL334_struct
PAN7357_struct	PANCL7357	PANCL10004_struct
PAN7421_struct	PANCL7421	PANCL10004_struct
PAN8470_struct	PANCL8470	PANCL10004_struct
PAN9082_struct	PANCL9082	PANCL10004_struct
PAN10051_struct	PANCL10051	PANCL10025_struct
PAN10817_struct	PANCL10817	PANCL10025_struct
PAN10841_struct	PANCL10841	PANCL10025_struct
PAN13857_struct	PANCL13857	PANCL10004_struct
PAN11334_struct	PANCL11334	PANCL11334_struct
PAN244_struct	PANCL244	PANCL10274_struct
PAN682_struct	PANCL682	PANCL10004_struct
PAN8024_struct	PANCL8024	PANCL10004_struct
PAN8174_struct	PANCL8174	PANCL10004_struct
PAN8228_struct	PANCL8228	PANCL10004_struct
PAN9159_struct	PANCL9159	PANCL5420_struct
PAN9369_struct	PANCL9369	PANCL9369_struct
PAN11729_struct	PANCL11729	PANCL10274_struct
PAN13154_struct	PANCL13154	PANCL13154_struct
PAN13670_struct	PANCL13670	PANCL10004_struct
PAN5957_struct	PANCL5957	PANCL13211_struct
PAN6298_struct	PANCL6298	PANCL6298_struct
PAN7405_struct	PANCL7405	PANCL10004_struct
PAN8840_struct	PANCL8840	PANCL10004_struct
PAN9071_struct	PANCL9071	PANCL10004_struct
PAN9192_struct	PANCL9192	PANCL9192_struct
PAN10025_struct	PANCL10025	PANCL10025_struct
PAN10282_struct	PANCL10282	PANCL10004_struct
PAN10494_struct	PANCL10494	PANCL10025_struct
PAN10916_struct	PANCL10916	PANCL10004_struct
PAN11125_struct	PANCL11125	PANCL11125_struct
PAN11283_struct	PANCL11283	PANCL10004_struct
PAN11923_struct	PANCL11923	PANCL11923_struct
PAN12066_struct	PANCL12066	PANCL10025_struct
PAN14050_struct	PANCL14050	PANCL10004_struct
PAN1674_struct	PANCL1674	PANCL1063_struct
PAN6931_struct	PANCL6931	PANCL6518_struct
PAN7675_struct	PANCL7675	PANCL10004_struct
PAN7852_struct	PANCL7852	PANCL10004_struct
PAN8013_struct	PANCL8013	PANCL10004_struct
PAN8197_struct	PANCL8197	PANCL10004_struct
PAN8690_struct	PANCL8690	PANCL10004_struct
PAN10024_struct	PANCL10024	PANCL10004_struct
PAN10052_struct	PANCL10052	PANCL10004_struct
PAN11903_struct	PANCL11903	PANCL11903_struct
PAN13211_struct	PANCL13211	PANCL13211_struct
PAN13748_struct	PANCL13748	PANCL10004_struct
PAN14025_struct	PANCL14025	PANCL10004_struct
PAN11319_struct	PANCL11319	PANCL11319_struct
PAN6344_struct	PANCL6344	PANCL10004_struct
PAN7917_struct	PANCL7917	PANCL7917_struct
PAN8781_struct	PANCL8781	PANCL10004_struct
PAN9734_struct	PANCL9734	PANCL10004_struct
PAN12770_struct	PANCL12770	PANCL10004_struct
PAN12824_struct	PANCL12824	PANCL10004_struct
PAN13341_struct	PANCL13341	PANCL10004_struct
PAN13961_struct	PANCL13961	PANCL10025_struct
PAN390_struct	PANCL390	PANCL10004_struct
PAN7410_struct	PANCL7410	PANCL10004_struct
PAN7512_struct	PANCL7512	PANCL7512_struct
PAN7649_struct	PANCL7649	PANCL10004_struct
PAN7663_struct	PANCL7663	PANCL10004_struct
PAN7922_struct	PANCL7922	PANCL10004_struct
PAN7983_struct	PANCL7983	PANCL10004_struct
PAN8679_struct	PANCL8679	PANCL10004_struct
PAN9713_struct	PANCL9713	PANCL10004_struct
PAN10369_struct	PANCL10369	PANCL10004_struct
PAN10397_struct	PANCL10397	PANCL10004_struct
PAN13177_struct	PANCL13177	PANCL13177_struct
PAN334_struct	PANCL334	PANCL334_struct
PAN4918_struct	PANCL4918	PANCL10004_struct
PAN5452_struct	PANCL5452	PANCL5452_struct
PAN6278_struct	PANCL6278	PANCL10004_struct
PAN7353_struct	PANCL7353	PANCL10004_struct
PAN7377_struct	PANCL7377	PANCL10004_struct
PAN7975_struct	PANCL7975	PANCL10004_struct
PAN8695_struct	PANCL8695	PANCL10004_struct
PAN9691_struct	PANCL9691	PANCL10004_struct
PAN9709_struct	PANCL9709	PANCL10004_struct
PAN9838_struct	PANCL9838	PANCL10004_struct
PAN9998_struct	PANCL9998	PANCL10004_struct
PAN10048_struct	PANCL10048	PANCL10004_struct
PAN12008_struct	PANCL12008	PANCL12008_struct
PAN12629_struct	PANCL12629	PANCL10004_struct
PAN13863_struct	PANCL13863	PANCL10004_struct
PAN13864_struct	PANCL13864	PANCL10004_struct
PAN13982_struct	PANCL13982	PANCL10004_struct
PAN6156_struct	PANCL6156	PANCL6156_struct
PAN7933_struct	PANCL7933	PANCL10004_struct
PAN9466_struct	PANCL9466	PANCL9466_struct
PAN9644_struct	PANCL9644	PANCL10004_struct
PAN9664_struct	PANCL9664	PANCL10004_struct
PAN11037_struct	PANCL11037	PANCL10004_struct
PAN12105_struct	PANCL12105	PANCL10004_struct
PAN6897_struct	PANCL6897	PANCL6174_struct
PAN7658_struct	PANCL7658	PANCL10004_struct
PAN10233_struct	PANCL10233	PANCL10004_struct
PAN10500_struct	PANCL10500	PANCL10004_struct
PAN13393_struct	PANCL13393	PANCL10004_struct
PAN13584_struct	PANCL13584	PANCL10004_struct
PAN14006_struct	PANCL14006	PANCL10004_struct
PAN10169_struct	PANCL10169	PANCL10169_struct
PAN4319_struct	PANCL4319	PANCL10004_struct
PAN5259_struct	PANCL5259	PANCL5259_struct
PAN5420_struct	PANCL5420	PANCL5420_struct
PAN7678_struct	PANCL7678	PANCL10004_struct
PAN7954_struct	PANCL7954	PANCL10004_struct
PAN8747_struct	PANCL8747	PANCL10004_struct
PAN9994_struct	PANCL9994	PANCL10004_struct
PAN10173_struct	PANCL10173	PANCL10004_struct
PAN11865_struct	PANCL11865	PANCL11865_struct
PAN11993_struct	PANCL11993	PANCL1032_struct
PAN6117_struct	PANCL6117	PANCL10004_struct
PAN7443_struct	PANCL7443	PANCL10004_struct
PAN8139_struct	PANCL8139	PANCL10004_struct
PAN8434_struct	PANCL8434	PANCL8434_struct
PAN9984_struct	PANCL9984	PANCL1063_struct
PAN10031_struct	PANCL10031	PANCL10004_struct
PAN10484_struct	PANCL10484	PANCL10004_struct
PAN12049_struct	PANCL12049	PANCL10004_struct
PAN12076_struct	PANCL12076	PANCL10004_struct
PAN2286_struct	PANCL2286	PANCL2286_struct
PAN6518_struct	PANCL6518	PANCL6518_struct
PAN7980_struct	PANCL7980	PANCL10004_struct
PAN9855_struct	PANCL9855	PANCL10004_struct
PAN11608_struct	PANCL11608	PANCL11608_struct
PAN11718_struct	PANCL11718	PANCL10004_struct
PAN11825_struct	PANCL11825	PANCL11825_struct
PAN14053_struct	PANCL14053	PANCL10004_struct
PAN4306_struct	PANCL4306	PANCL4306_struct
PAN7662_struct	PANCL7662	PANCL12009_struct
PAN7674_struct	PANCL7674	PANCL10004_struct
PAN9534_struct	PANCL9534	PANCL10004_struct
PAN9923_struct	PANCL9923	PANCL9923_struct
PAN10029_struct	PANCL10029	PANCL10004_struct
PAN11397_struct	PANCL11397	PANCL11397_struct
PAN11528_struct	PANCL11528	PANCL11528_struct
PAN11622_struct	PANCL11622	PANCL11622_struct
PAN12013_struct	PANCL12013	PANCL12013_struct
PAN5029_struct	PANCL5029	PANCL5029_struct
PAN4962_struct	PANCL4962	PANCL4962_struct
PAN8367_struct	PANCL8367	PANCL10693_struct
PAN13187_struct	PANCL13187	PANCL13187_struct
PAN12024_struct	PANCL12024	PANCL12024_struct
PAN4988_struct	PANCL4988	PANCL4988_struct
PAN6616_struct	PANCL6616	PANCL6616_struct
PAN13885_struct	PANCL13885	PANCL12033_struct
PAN1430_struct	PANCL1430	PANCL1430_struct
PAN2178_struct	PANCL2178	PANCL1085_struct
PAN2747_struct	PANCL2747	PANCL2747_struct
PAN7768_struct	PANCL7768	PANCL7768_struct
PAN11576_struct	PANCL11576	PANCL11576_struct
PAN5952_struct	PANCL5952	PANCL5952_struct
PAN12107_struct	PANCL12107	PANCL12009_struct
PAN1490_struct	PANCL1490	PANCL1063_struct
PAN10693_struct	PANCL10693	PANCL10693_struct
PAN11564_struct	PANCL11564	PANCL11564_struct
PAN12560_struct	PANCL12560	PANCL12560_struct
PAN5466_struct	PANCL5466	PANCL5466_struct
PAN5998_struct	PANCL5998	PANCL3632_struct
PAN9200_struct	PANCL9200	PANCL9200_struct
PAN12991_struct	PANCL12991	PANCL12991_struct
PAN13056_struct	PANCL13056	PANCL13056_struct
PAN5091_struct	PANCL5091	PANCL2747_struct
PAN6584_struct	PANCL6584	PANCL6584_struct
PAN8348_struct	PANCL8348	PANCL8348_struct
PAN9288_struct	PANCL9288	PANCL9288_struct
PAN10666_struct	PANCL10666	PANCL10666_struct
PAN12626_struct	PANCL12626	PANCL12626_struct
PAN4476_struct	PANCL4476	PANCL12009_struct
PAN5184_struct	PANCL5184	PANCL5184_struct
PAN6311_struct	PANCL6311	PANCL11970_struct
PAN6319_struct	PANCL6319	PANCL1063_struct
PAN7521_struct	PANCL7521	PANCL1063_struct
PAN13119_struct	PANCL13119	PANCL13119_struct
PAN13141_struct	PANCL13141	PANCL13141_struct
PAN7074_struct	PANCL7074	PANCL5762_struct
PAN8110_struct	PANCL8110	PANCL8110_struct
PAN9418_struct	PANCL9418	PANCL5762_struct
PAN9962_struct	PANCL9962	PANCL9962_struct
PAN12447_struct	PANCL12447	PANCL11793_struct
PAN276_struct	PANCL276	PANCL1063_struct
PAN1063_struct	PANCL1063	PANCL1063_struct
PAN5016_struct	PANCL5016	PANCL5016_struct
PAN5141_struct	PANCL5141	PANCL5141_struct
PAN8359_struct	PANCL8359	PANCL8359_struct
PAN9908_struct	PANCL9908	PANCL9908_struct
PAN11793_struct	PANCL11793	PANCL11793_struct
PAN5055_struct	PANCL5055	PANCL12560_struct
PAN6626_struct	PANCL6626	PANCL6626_struct
PAN9215_struct	PANCL9215	PANCL9215_struct
PAN5746_struct	PANCL5746	PANCL5746_struct
PAN6867_struct	PANCL6867	PANCL6867_struct
PAN7239_struct	PANCL7239	PANCL7239_struct
PAN7718_struct	PANCL7718	PANCL7718_struct
PAN10700_struct	PANCL10700	PANCL10700_struct
PAN7731_struct	PANCL7731	PANCL7731_struct
PAN6958_struct	PANCL6958	PANCL6958_struct
PAN7472_struct	PANCL7472	PANCL1063_struct
PAN9507_struct	PANCL9507	PANCL9507_struct
PAN12031_struct	PANCL12031	PANCL12031_struct
PAN12812_struct	PANCL12812	PANCL12811_struct
PAN2844_struct	PANCL2844	PANCL1085_struct
PAN7885_struct	PANCL7885	PANCL12009_struct
PAN651_struct	PANCL651	PANCL1085_struct
PAN5332_struct	PANCL5332	PANCL2747_struct
PAN6517_struct	PANCL6517	PANCL6517_struct
PAN8439_struct	PANCL8439	PANCL8439_struct
PAN11970_struct	PANCL11970	PANCL11970_struct
PAN12357_struct	PANCL12357	PANCL12357_struct
PAN11975_struct	PANCL11975	PANCL11975_struct
PAN5762_struct	PANCL5762	PANCL5762_struct
PAN6828_struct	PANCL6828	PANCL6828_struct
PAN8479_struct	PANCL8479	PANCL8479_struct
PAN12367_struct	PANCL12367	PANCL12367_struct
PAN9154_struct	PANCL9154	PANCL5516_struct
PAN5454_struct	PANCL5454	PANCL5454_struct
PAN6291_struct	PANCL6291	PANCL6291_struct
PAN7714_struct	PANCL7714	PANCL7714_struct
PAN11142_struct	PANCL11142	PANCL11142_struct
PAN5974_struct	PANCL5974	PANCL5974_struct
PAN6181_struct	PANCL6181	PANCL2747_struct
PAN11145_struct	PANCL11145	PANCL11145_struct
PAN7836_struct	PANCL7836	PANCL7836_struct
PAN11126_struct	PANCL11126	PANCL11126_struct
PAN6727_struct	PANCL6727	PANCL6727_struct
PAN6882_struct	PANCL6882	PANCL6882_struct
PAN7250_struct	PANCL7250	PANCL7250_struct
PAN8120_struct	PANCL8120	PANCL8120_struct
PAN9210_struct	PANCL9210	PANCL9210_struct
PAN1085_struct	PANCL1085	PANCL1085_struct
PAN5646_struct	PANCL5646	PANCL4880_struct
PAN6684_struct	PANCL6684	PANCL6684_struct
PAN6802_struct	PANCL6802	PANCL6802_struct
PAN12354_struct	PANCL12354	PANCL12354_struct
PAN12362_struct	PANCL12362	PANCL12362_struct
PAN13927_struct	PANCL13927	PANCL12033_struct
PAN5327_struct	PANCL5327	PANCL5327_struct
PAN6694_struct	PANCL6694	PANCL6694_struct
PAN12662_struct	PANCL12662	PANCL12662_struct
PAN5178_struct	PANCL5178	PANCL2747_struct
PAN6613_struct	PANCL6613	PANCL6613_struct
PAN8620_struct	PANCL8620	PANCL5516_struct
PAN12026_struct	PANCL12026	PANCL12026_struct
PAN11353_struct	PANCL11353	PANCL11353_struct
PAN7246_struct	PANCL7246	PANCL7246_struct
PAN10674_struct	PANCL10674	PANCL10674_struct
PAN5008_struct	PANCL5008	PANCL5008_struct
PAN5863_struct	PANCL5863	PANCL5863_struct
PAN6920_struct	PANCL6920	PANCL11823_struct
PAN11143_struct	PANCL11143	PANCL11143_struct
PAN11823_struct	PANCL11823	PANCL11823_struct
PAN3632_struct	PANCL3632	PANCL3632_struct
PAN4880_struct	PANCL4880	PANCL4880_struct
PAN8492_struct	PANCL8492	PANCL3632_struct
PAN11918_struct	PANCL11918	PANCL11918_struct
PAN4978_struct	PANCL4978	PANCL4978_struct
PAN6146_struct	PANCL6146	PANCL6146_struct
PAN7005_struct	PANCL7005	PANCL7005_struct
PAN11335_struct	PANCL11335	PANCL11335_struct
PAN5516_struct	PANCL5516	PANCL5516_struct
PAN6612_struct	PANCL6612	PANCL6612_struct
PAN8354_struct	PANCL8354	PANCL8354_struct
PAN10761_struct	PANCL10761	PANCL10761_struct
PAN13182_struct	PANCL13182	PANCL13182_struct
PAN8933_struct	PANCL8933	PANCL10753_struct
PAN7815_struct	PANCL7815	PANCL7815_struct
PAN7062_struct	PANCL7062	PANCL7062_struct
PAN11235_struct	PANCL11235	PANCL11235_struct
PAN5474_struct	PANCL5474	PANCL5474_struct
PAN11438_struct	PANCL11438	PANCL11438_struct
PAN13064_struct	PANCL13064	PANCL13064_struct
PAN5456_struct	PANCL5456	PANCL5456_struct
PAN6844_struct	PANCL6844	PANCL6844_struct
PAN9647_struct	PANCL9647	PANCL9647_struct
PAN6655_struct	PANCL6655	PANCL6655_struct
PAN6906_struct	PANCL6906	PANCL6906_struct
PAN9505_struct	PANCL9505	PANCL11807_struct
PAN10712_struct	PANCL10712	PANCL10712_struct
PAN6217_struct	PANCL6217	PANCL6217_struct
PAN10395_struct	PANCL10395	PANCL10000_struct
PAN10637_struct	PANCL10637	PANCL10637_struct
PAN11350_struct	PANCL11350	PANCL11350_struct
PAN12476_struct	PANCL12476	PANCL12476_struct
PAN5977_struct	PANCL5977	PANCL12254_struct
PAN7335_struct	PANCL7335	PANCL7335_struct
PAN7790_struct	PANCL7790	PANCL7790_struct
PAN3617_struct	PANCL3617	PANCL11807_struct
PAN7701_struct	PANCL7701	PANCL7701_struct
PAN8597_struct	PANCL8597	PANCL8597_struct
PAN11601_struct	PANCL11601	PANCL11601_struct
PAN12022_struct	PANCL12022	PANCL12022_struct
PAN5881_struct	PANCL5881	PANCL5881_struct
PAN7455_struct	PANCL7455	PANCL10427_struct
PAN7809_struct	PANCL7809	PANCL7809_struct
PAN10427_struct	PANCL10427	PANCL10427_struct
PAN5154_struct	PANCL5154	PANCL12254_struct
PAN6996_struct	PANCL6996	PANCL6996_struct
PAN10704_struct	PANCL10704	PANCL10704_struct
PAN12375_struct	PANCL12375	PANCL10687_struct
PAN4947_struct	PANCL4947	PANCL4947_struct
PAN5269_struct	PANCL5269	PANCL11807_struct
PAN5285_struct	PANCL5285	PANCL5285_struct
PAN7063_struct	PANCL7063	PANCL7063_struct
PAN7315_struct	PANCL7315	PANCL7315_struct
PAN8130_struct	PANCL8130	PANCL8130_struct
PAN8618_struct	PANCL8618	PANCL8618_struct
PAN5392_struct	PANCL5392	PANCL5392_struct
PAN11287_struct	PANCL11287	PANCL11287_struct
PAN12266_struct	PANCL12266	PANCL12266_struct
PAN5169_struct	PANCL5169	PANCL5169_struct
PAN5777_struct	PANCL5777	PANCL5169_struct
PAN6187_struct	PANCL6187	PANCL6187_struct
PAN12307_struct	PANCL12307	PANCL12307_struct
PAN6749_struct	PANCL6749	PANCL11807_struct
PAN11543_struct	PANCL11543	PANCL11543_struct
PAN12369_struct	PANCL12369	PANCL12369_struct
PAN922_struct	PANCL922	PANCL922_struct
PAN7324_struct	PANCL7324	PANCL7324_struct
PAN7908_struct	PANCL7908	PANCL7908_struct
PAN8436_struct	PANCL8436	PANCL8436_struct
PAN8930_struct	PANCL8930	PANCL8930_struct
PAN12372_struct	PANCL12372	PANCL12372_struct
PAN13127_struct	PANCL13127	PANCL13127_struct
PAN4071_struct	PANCL4071	PANCL4071_struct
PAN5250_struct	PANCL5250	PANCL11807_struct
PAN5306_struct	PANCL5306	PANCL11807_struct
PAN6849_struct	PANCL6849	PANCL6849_struct
PAN9859_struct	PANCL9859	PANCL11807_struct
PAN10735_struct	PANCL10735	PANCL10735_struct
PAN6218_struct	PANCL6218	PANCL6218_struct
PAN7169_struct	PANCL7169	PANCL7169_struct
PAN7707_struct	PANCL7707	PANCL7707_struct
PAN8955_struct	PANCL8955	PANCL8955_struct
PAN11241_struct	PANCL11241	PANCL11241_struct
PAN11969_struct	PANCL11969	PANCL11969_struct
PAN11574_struct	PANCL11574	PANCL11574_struct
PAN8123_struct	PANCL8123	PANCL8123_struct
PAN12482_struct	PANCL12482	PANCL12482_struct
PAN11997_struct	PANCL11997	PANCL11997_struct
PAN6171_struct	PANCL6171	PANCL6171_struct
PAN11238_struct	PANCL11238	PANCL11238_struct
PAN9147_struct	PANCL9147	PANCL12254_struct
PAN11136_struct	PANCL11136	PANCL11136_struct
PAN11561_struct	PANCL11561	PANCL11561_struct
PAN6618_struct	PANCL6618	PANCL6618_struct
PAN5900_struct	PANCL5900	PANCL5900_struct
PAN8568_struct	PANCL8568	PANCL8568_struct
PAN13167_struct	PANCL13167	PANCL13167_struct
PAN13887_struct	PANCL13887	PANCL13887_struct
PAN7305_struct	PANCL7305	PANCL13929_struct
PAN11348_struct	PANCL11348	PANCL11348_struct
PAN6932_struct	PANCL6932	PANCL6932_struct
PAN8092_struct	PANCL8092	PANCL8092_struct
PAN6160_struct	PANCL6160	PANCL6160_struct
PAN13890_struct	PANCL13890	PANCL13890_struct
PAN13894_struct	PANCL13894	PANCL13894_struct
PAN10713_struct	PANCL10713	PANCL10713_struct
PAN13929_struct	PANCL13929	PANCL13929_struct
PAN12707_struct	PANCL12707	PANCL12254_struct
PAN13918_struct	PANCL13918	PANCL13918_struct
PAN6854_struct	PANCL6854	PANCL6854_struct
PAN11312_struct	PANCL11312	PANCL11312_struct
PAN11588_struct	PANCL11588	PANCL11588_struct
PAN5329_struct	PANCL5329	PANCL13929_struct
PAN5395_struct	PANCL5395	PANCL13929_struct
PAN8347_struct	PANCL8347	PANCL8347_struct
PAN8939_struct	PANCL8939	PANCL8939_struct
PAN6605_struct	PANCL6605	PANCL6605_struct
PAN12349_struct	PANCL12349	PANCL12349_struct
PAN9279_struct	PANCL9279	PANCL9279_struct
PAN10683_struct	PANCL10683	PANCL10683_struct
PAN8029_struct	PANCL8029	PANCL8029_struct
PAN9284_struct	PANCL9284	PANCL11295_struct
PAN9292_struct	PANCL9292	PANCL9292_struct
PAN11529_struct	PANCL11529	PANCL11529_struct
PAN13435_struct	PANCL13435	PANCL13435_struct
PAN11324_struct	PANCL11324	PANCL11324_struct
PAN13904_struct	PANCL13904	PANCL13904_struct
PAN6984_struct	PANCL6984	PANCL6984_struct
PAN8094_struct	PANCL8094	PANCL8094_struct
PAN11538_struct	PANCL11538	PANCL11538_struct
PAN11557_struct	PANCL11557	PANCL11557_struct
PAN8448_struct	PANCL8448	PANCL8448_struct
PAN8959_struct	PANCL8959	PANCL8959_struct
PAN6614_struct	PANCL6614	PANCL6614_struct
PAN8948_struct	PANCL8948	PANCL8948_struct
PAN9207_struct	PANCL9207	PANCL9207_struct
PAN10706_struct	PANCL10706	PANCL10706_struct
PAN11582_struct	PANCL11582	PANCL11582_struct
PAN13185_struct	PANCL13185	PANCL10674_struct
PAN6560_struct	PANCL6560	PANCL6560_struct
PAN11120_struct	PANCL11120	PANCL11120_struct
PAN11610_struct	PANCL11610	PANCL11610_struct
PAN5476_struct	PANCL5476	PANCL5476_struct
PAN7794_struct	PANCL7794	PANCL7794_struct
PAN8353_struct	PANCL8353	PANCL8353_struct
PAN2227_struct	PANCL2227	PANCL2227_struct
PAN5864_struct	PANCL5864	PANCL5864_struct
PAN11336_struct	PANCL11336	PANCL11336_struct
PAN13902_struct	PANCL13902	PANCL13902_struct
PAN8374_struct	PANCL8374	PANCL8374_struct
PAN7008_struct	PANCL7008	PANCL12254_struct
PAN11933_struct	PANCL11933	PANCL11933_struct
PAN12254_struct	PANCL12254	PANCL12254_struct
PAN7494_struct	PANCL7494	PANCL12254_struct
PAN11976_struct	PANCL11976	PANCL11976_struct
PAN7906_struct	PANCL7906	PANCL7906_struct
PAN8133_struct	PANCL8133	PANCL8133_struct
PAN8427_struct	PANCL8427	PANCL8427_struct
PAN10798_struct	PANCL10798	PANCL10798_struct
PAN11602_struct	PANCL11602	PANCL11602_struct
PAN8111_struct	PANCL8111	PANCL8111_struct
PAN5042_struct	PANCL5042	PANCL12254_struct
PAN7870_struct	PANCL7870	PANCL7870_struct
PAN7771_struct	PANCL7771	PANCL7771_struct
PAN9217_struct	PANCL9217	PANCL9217_struct
PAN8350_struct	PANCL8350	PANCL8350_struct
PAN10774_struct	PANCL10774	PANCL10774_struct
PAN7810_struct	PANCL7810	PANCL7810_struct
PAN9232_struct	PANCL9232	PANCL9232_struct
PAN10736_struct	PANCL10736	PANCL10736_struct
PAN10743_struct	PANCL10743	PANCL10743_struct
PAN11980_struct	PANCL11980	PANCL11980_struct
PAN12353_struct	PANCL12353	PANCL12353_struct
PAN5014_struct	PANCL5014	PANCL5014_struct
PAN5455_struct	PANCL5455	PANCL5455_struct
PAN11137_struct	PANCL11137	PANCL11137_struct
PAN11496_struct	PANCL11496	PANCL11496_struct
PAN8445_struct	PANCL8445	PANCL8445_struct
PAN11613_struct	PANCL11613	PANCL11613_struct
PAN13133_struct	PANCL13133	PANCL13133_struct
PAN7865_struct	PANCL7865	PANCL7865_struct
PAN9235_struct	PANCL9235	PANCL9235_struct
PAN7827_struct	PANCL7827	PANCL7827_struct
PAN8940_struct	PANCL8940	PANCL8940_struct
PAN11347_struct	PANCL11347	PANCL11347_struct
PAN13189_struct	PANCL13189	PANCL13189_struct
PAN5004_struct	PANCL5004	PANCL5004_struct
PAN13174_struct	PANCL13174	PANCL13174_struct
PAN8128_struct	PANCL8128	PANCL8128_struct
PAN8360_struct	PANCL8360	PANCL8360_struct
PAN10751_struct	PANCL10751	PANCL10751_struct
PAN7758_struct	PANCL7758	PANCL7758_struct
PAN11330_struct	PANCL11330	PANCL11330_struct
PAN6563_struct	PANCL6563	PANCL6563_struct
PAN11566_struct	PANCL11566	PANCL11566_struct
PAN8950_struct	PANCL8950	PANCL8950_struct
PAN13175_struct	PANCL13175	PANCL13175_struct
PAN7913_struct	PANCL7913	PANCL7913_struct
PAN10767_struct	PANCL10767	PANCL10767_struct
PAN9295_struct	PANCL9295	PANCL9295_struct
PAN10711_struct	PANCL10711	PANCL10711_struct
PAN9203_struct		PANCL9203_struct
